phase	registered_call_order	slot_id	block_id	condition	group_index	planned_position	sample_order_within_cell	prompt_path	prompt_sha256	submission_template_path	attempt_status	actual_artifact	planned_systematic_audit_position
main	1	main-P01-A-G1	P01	A	1	1	1	main/prompt-P01-A.txt	005ad5a432d4e0867b60c43d4bd73279fe2c9e13aa441d82a7100036074ef081	main/submission-main-P01-A-G1.json	not_attempted	none	true
main	1	main-P01-A-G1	P01	A	1	2	2	main/prompt-P01-A.txt	005ad5a432d4e0867b60c43d4bd73279fe2c9e13aa441d82a7100036074ef081	main/submission-main-P01-A-G1.json	not_attempted	none	false
main	1	main-P01-A-G1	P01	A	1	3	3	main/prompt-P01-A.txt	005ad5a432d4e0867b60c43d4bd73279fe2c9e13aa441d82a7100036074ef081	main/submission-main-P01-A-G1.json	not_attempted	none	false
main	1	main-P01-A-G1	P01	A	1	4	4	main/prompt-P01-A.txt	005ad5a432d4e0867b60c43d4bd73279fe2c9e13aa441d82a7100036074ef081	main/submission-main-P01-A-G1.json	not_attempted	none	false
main	1	main-P01-A-G1	P01	A	1	5	5	main/prompt-P01-A.txt	005ad5a432d4e0867b60c43d4bd73279fe2c9e13aa441d82a7100036074ef081	main/submission-main-P01-A-G1.json	not_attempted	none	false
main	2	main-P01-B-G1	P01	B	1	1	1	main/prompt-P01-B.txt	005ad5a432d4e0867b60c43d4bd73279fe2c9e13aa441d82a7100036074ef081	main/submission-main-P01-B-G1.json	not_attempted	none	false
main	2	main-P01-B-G1	P01	B	1	2	2	main/prompt-P01-B.txt	005ad5a432d4e0867b60c43d4bd73279fe2c9e13aa441d82a7100036074ef081	main/submission-main-P01-B-G1.json	not_attempted	none	true
main	2	main-P01-B-G1	P01	B	1	3	3	main/prompt-P01-B.txt	005ad5a432d4e0867b60c43d4bd73279fe2c9e13aa441d82a7100036074ef081	main/submission-main-P01-B-G1.json	not_attempted	none	false
main	2	main-P01-B-G1	P01	B	1	4	4	main/prompt-P01-B.txt	005ad5a432d4e0867b60c43d4bd73279fe2c9e13aa441d82a7100036074ef081	main/submission-main-P01-B-G1.json	not_attempted	none	false
main	2	main-P01-B-G1	P01	B	1	5	5	main/prompt-P01-B.txt	005ad5a432d4e0867b60c43d4bd73279fe2c9e13aa441d82a7100036074ef081	main/submission-main-P01-B-G1.json	not_attempted	none	false
main	3	main-P01-C-G1	P01	C	1	1	1	main/prompt-P01-C.txt	13fc0cdcd7244d6ab63204d37821b44a06029be9dfaf823903cc77ceebda17c8	main/submission-main-P01-C-G1.json	not_attempted	none	false
main	3	main-P01-C-G1	P01	C	1	2	2	main/prompt-P01-C.txt	13fc0cdcd7244d6ab63204d37821b44a06029be9dfaf823903cc77ceebda17c8	main/submission-main-P01-C-G1.json	not_attempted	none	false
main	3	main-P01-C-G1	P01	C	1	3	3	main/prompt-P01-C.txt	13fc0cdcd7244d6ab63204d37821b44a06029be9dfaf823903cc77ceebda17c8	main/submission-main-P01-C-G1.json	not_attempted	none	true
main	3	main-P01-C-G1	P01	C	1	4	4	main/prompt-P01-C.txt	13fc0cdcd7244d6ab63204d37821b44a06029be9dfaf823903cc77ceebda17c8	main/submission-main-P01-C-G1.json	not_attempted	none	false
main	3	main-P01-C-G1	P01	C	1	5	5	main/prompt-P01-C.txt	13fc0cdcd7244d6ab63204d37821b44a06029be9dfaf823903cc77ceebda17c8	main/submission-main-P01-C-G1.json	not_attempted	none	false
main	4	main-P02-A-G1	P02	A	1	1	1	main/prompt-P02-A.txt	d7a0f87b417adab26225613fa1646656d20bf0bcf3c2a8bdedc6defe906c245f	main/submission-main-P02-A-G1.json	not_attempted	none	false
main	4	main-P02-A-G1	P02	A	1	2	2	main/prompt-P02-A.txt	d7a0f87b417adab26225613fa1646656d20bf0bcf3c2a8bdedc6defe906c245f	main/submission-main-P02-A-G1.json	not_attempted	none	true
main	4	main-P02-A-G1	P02	A	1	3	3	main/prompt-P02-A.txt	d7a0f87b417adab26225613fa1646656d20bf0bcf3c2a8bdedc6defe906c245f	main/submission-main-P02-A-G1.json	not_attempted	none	false
main	4	main-P02-A-G1	P02	A	1	4	4	main/prompt-P02-A.txt	d7a0f87b417adab26225613fa1646656d20bf0bcf3c2a8bdedc6defe906c245f	main/submission-main-P02-A-G1.json	not_attempted	none	false
main	4	main-P02-A-G1	P02	A	1	5	5	main/prompt-P02-A.txt	d7a0f87b417adab26225613fa1646656d20bf0bcf3c2a8bdedc6defe906c245f	main/submission-main-P02-A-G1.json	not_attempted	none	false
main	5	main-P02-C-G1	P02	C	1	1	1	main/prompt-P02-C.txt	4145b82acf563aca9970a39289eb90c4f886d980585b322231b3b1f3de34fe40	main/submission-main-P02-C-G1.json	not_attempted	none	false
main	5	main-P02-C-G1	P02	C	1	2	2	main/prompt-P02-C.txt	4145b82acf563aca9970a39289eb90c4f886d980585b322231b3b1f3de34fe40	main/submission-main-P02-C-G1.json	not_attempted	none	false
main	5	main-P02-C-G1	P02	C	1	3	3	main/prompt-P02-C.txt	4145b82acf563aca9970a39289eb90c4f886d980585b322231b3b1f3de34fe40	main/submission-main-P02-C-G1.json	not_attempted	none	false
main	5	main-P02-C-G1	P02	C	1	4	4	main/prompt-P02-C.txt	4145b82acf563aca9970a39289eb90c4f886d980585b322231b3b1f3de34fe40	main/submission-main-P02-C-G1.json	not_attempted	none	true
main	5	main-P02-C-G1	P02	C	1	5	5	main/prompt-P02-C.txt	4145b82acf563aca9970a39289eb90c4f886d980585b322231b3b1f3de34fe40	main/submission-main-P02-C-G1.json	not_attempted	none	false
main	6	main-P02-B-G1	P02	B	1	1	1	main/prompt-P02-B.txt	d7a0f87b417adab26225613fa1646656d20bf0bcf3c2a8bdedc6defe906c245f	main/submission-main-P02-B-G1.json	not_attempted	none	false
main	6	main-P02-B-G1	P02	B	1	2	2	main/prompt-P02-B.txt	d7a0f87b417adab26225613fa1646656d20bf0bcf3c2a8bdedc6defe906c245f	main/submission-main-P02-B-G1.json	not_attempted	none	false
main	6	main-P02-B-G1	P02	B	1	3	3	main/prompt-P02-B.txt	d7a0f87b417adab26225613fa1646656d20bf0bcf3c2a8bdedc6defe906c245f	main/submission-main-P02-B-G1.json	not_attempted	none	true
main	6	main-P02-B-G1	P02	B	1	4	4	main/prompt-P02-B.txt	d7a0f87b417adab26225613fa1646656d20bf0bcf3c2a8bdedc6defe906c245f	main/submission-main-P02-B-G1.json	not_attempted	none	false
main	6	main-P02-B-G1	P02	B	1	5	5	main/prompt-P02-B.txt	d7a0f87b417adab26225613fa1646656d20bf0bcf3c2a8bdedc6defe906c245f	main/submission-main-P02-B-G1.json	not_attempted	none	false
main	7	main-P03-B-G1	P03	B	1	1	1	main/prompt-P03-B.txt	af8fbab7795f8c445244e338431ae7e2c3a9f3f7ca9520e3012adb1895158255	main/submission-main-P03-B-G1.json	not_attempted	none	false
main	7	main-P03-B-G1	P03	B	1	2	2	main/prompt-P03-B.txt	af8fbab7795f8c445244e338431ae7e2c3a9f3f7ca9520e3012adb1895158255	main/submission-main-P03-B-G1.json	not_attempted	none	false
main	7	main-P03-B-G1	P03	B	1	3	3	main/prompt-P03-B.txt	af8fbab7795f8c445244e338431ae7e2c3a9f3f7ca9520e3012adb1895158255	main/submission-main-P03-B-G1.json	not_attempted	none	false
main	7	main-P03-B-G1	P03	B	1	4	4	main/prompt-P03-B.txt	af8fbab7795f8c445244e338431ae7e2c3a9f3f7ca9520e3012adb1895158255	main/submission-main-P03-B-G1.json	not_attempted	none	true
main	7	main-P03-B-G1	P03	B	1	5	5	main/prompt-P03-B.txt	af8fbab7795f8c445244e338431ae7e2c3a9f3f7ca9520e3012adb1895158255	main/submission-main-P03-B-G1.json	not_attempted	none	false
main	8	main-P03-A-G1	P03	A	1	1	1	main/prompt-P03-A.txt	af8fbab7795f8c445244e338431ae7e2c3a9f3f7ca9520e3012adb1895158255	main/submission-main-P03-A-G1.json	not_attempted	none	false
main	8	main-P03-A-G1	P03	A	1	2	2	main/prompt-P03-A.txt	af8fbab7795f8c445244e338431ae7e2c3a9f3f7ca9520e3012adb1895158255	main/submission-main-P03-A-G1.json	not_attempted	none	false
main	8	main-P03-A-G1	P03	A	1	3	3	main/prompt-P03-A.txt	af8fbab7795f8c445244e338431ae7e2c3a9f3f7ca9520e3012adb1895158255	main/submission-main-P03-A-G1.json	not_attempted	none	true
main	8	main-P03-A-G1	P03	A	1	4	4	main/prompt-P03-A.txt	af8fbab7795f8c445244e338431ae7e2c3a9f3f7ca9520e3012adb1895158255	main/submission-main-P03-A-G1.json	not_attempted	none	false
main	8	main-P03-A-G1	P03	A	1	5	5	main/prompt-P03-A.txt	af8fbab7795f8c445244e338431ae7e2c3a9f3f7ca9520e3012adb1895158255	main/submission-main-P03-A-G1.json	not_attempted	none	false
main	9	main-P03-C-G1	P03	C	1	1	1	main/prompt-P03-C.txt	ddc9e17752b6fbd0f9ab85afe77ae5a039e7e29c2f02406b5c9f50b943bdae7d	main/submission-main-P03-C-G1.json	not_attempted	none	false
main	9	main-P03-C-G1	P03	C	1	2	2	main/prompt-P03-C.txt	ddc9e17752b6fbd0f9ab85afe77ae5a039e7e29c2f02406b5c9f50b943bdae7d	main/submission-main-P03-C-G1.json	not_attempted	none	false
main	9	main-P03-C-G1	P03	C	1	3	3	main/prompt-P03-C.txt	ddc9e17752b6fbd0f9ab85afe77ae5a039e7e29c2f02406b5c9f50b943bdae7d	main/submission-main-P03-C-G1.json	not_attempted	none	false
main	9	main-P03-C-G1	P03	C	1	4	4	main/prompt-P03-C.txt	ddc9e17752b6fbd0f9ab85afe77ae5a039e7e29c2f02406b5c9f50b943bdae7d	main/submission-main-P03-C-G1.json	not_attempted	none	false
main	9	main-P03-C-G1	P03	C	1	5	5	main/prompt-P03-C.txt	ddc9e17752b6fbd0f9ab85afe77ae5a039e7e29c2f02406b5c9f50b943bdae7d	main/submission-main-P03-C-G1.json	not_attempted	none	true
main	10	main-P04-B-G1	P04	B	1	1	1	main/prompt-P04-B.txt	e90457e32faf1ed93db53ce480665ef6ad2ca4a7dafa4c2df1d176a3550381ba	main/submission-main-P04-B-G1.json	not_attempted	none	false
main	10	main-P04-B-G1	P04	B	1	2	2	main/prompt-P04-B.txt	e90457e32faf1ed93db53ce480665ef6ad2ca4a7dafa4c2df1d176a3550381ba	main/submission-main-P04-B-G1.json	not_attempted	none	false
main	10	main-P04-B-G1	P04	B	1	3	3	main/prompt-P04-B.txt	e90457e32faf1ed93db53ce480665ef6ad2ca4a7dafa4c2df1d176a3550381ba	main/submission-main-P04-B-G1.json	not_attempted	none	false
main	10	main-P04-B-G1	P04	B	1	4	4	main/prompt-P04-B.txt	e90457e32faf1ed93db53ce480665ef6ad2ca4a7dafa4c2df1d176a3550381ba	main/submission-main-P04-B-G1.json	not_attempted	none	false
main	10	main-P04-B-G1	P04	B	1	5	5	main/prompt-P04-B.txt	e90457e32faf1ed93db53ce480665ef6ad2ca4a7dafa4c2df1d176a3550381ba	main/submission-main-P04-B-G1.json	not_attempted	none	true
main	11	main-P04-C-G1	P04	C	1	1	1	main/prompt-P04-C.txt	a69e791df3dded985b82928d382d7d7f16e767764c716ad088c4bbe017d30651	main/submission-main-P04-C-G1.json	not_attempted	none	true
main	11	main-P04-C-G1	P04	C	1	2	2	main/prompt-P04-C.txt	a69e791df3dded985b82928d382d7d7f16e767764c716ad088c4bbe017d30651	main/submission-main-P04-C-G1.json	not_attempted	none	false
main	11	main-P04-C-G1	P04	C	1	3	3	main/prompt-P04-C.txt	a69e791df3dded985b82928d382d7d7f16e767764c716ad088c4bbe017d30651	main/submission-main-P04-C-G1.json	not_attempted	none	false
main	11	main-P04-C-G1	P04	C	1	4	4	main/prompt-P04-C.txt	a69e791df3dded985b82928d382d7d7f16e767764c716ad088c4bbe017d30651	main/submission-main-P04-C-G1.json	not_attempted	none	false
main	11	main-P04-C-G1	P04	C	1	5	5	main/prompt-P04-C.txt	a69e791df3dded985b82928d382d7d7f16e767764c716ad088c4bbe017d30651	main/submission-main-P04-C-G1.json	not_attempted	none	false
main	12	main-P04-A-G1	P04	A	1	1	1	main/prompt-P04-A.txt	e90457e32faf1ed93db53ce480665ef6ad2ca4a7dafa4c2df1d176a3550381ba	main/submission-main-P04-A-G1.json	not_attempted	none	false
main	12	main-P04-A-G1	P04	A	1	2	2	main/prompt-P04-A.txt	e90457e32faf1ed93db53ce480665ef6ad2ca4a7dafa4c2df1d176a3550381ba	main/submission-main-P04-A-G1.json	not_attempted	none	false
main	12	main-P04-A-G1	P04	A	1	3	3	main/prompt-P04-A.txt	e90457e32faf1ed93db53ce480665ef6ad2ca4a7dafa4c2df1d176a3550381ba	main/submission-main-P04-A-G1.json	not_attempted	none	false
main	12	main-P04-A-G1	P04	A	1	4	4	main/prompt-P04-A.txt	e90457e32faf1ed93db53ce480665ef6ad2ca4a7dafa4c2df1d176a3550381ba	main/submission-main-P04-A-G1.json	not_attempted	none	true
main	12	main-P04-A-G1	P04	A	1	5	5	main/prompt-P04-A.txt	e90457e32faf1ed93db53ce480665ef6ad2ca4a7dafa4c2df1d176a3550381ba	main/submission-main-P04-A-G1.json	not_attempted	none	false
main	13	main-P05-C-G1	P05	C	1	1	1	main/prompt-P05-C.txt	d46d7a8901306d3e7e2453ee5099126e52b13f6089db20dcdb62ddc651ca1dcd	main/submission-main-P05-C-G1.json	not_attempted	none	false
main	13	main-P05-C-G1	P05	C	1	2	2	main/prompt-P05-C.txt	d46d7a8901306d3e7e2453ee5099126e52b13f6089db20dcdb62ddc651ca1dcd	main/submission-main-P05-C-G1.json	not_attempted	none	true
main	13	main-P05-C-G1	P05	C	1	3	3	main/prompt-P05-C.txt	d46d7a8901306d3e7e2453ee5099126e52b13f6089db20dcdb62ddc651ca1dcd	main/submission-main-P05-C-G1.json	not_attempted	none	false
main	13	main-P05-C-G1	P05	C	1	4	4	main/prompt-P05-C.txt	d46d7a8901306d3e7e2453ee5099126e52b13f6089db20dcdb62ddc651ca1dcd	main/submission-main-P05-C-G1.json	not_attempted	none	false
main	13	main-P05-C-G1	P05	C	1	5	5	main/prompt-P05-C.txt	d46d7a8901306d3e7e2453ee5099126e52b13f6089db20dcdb62ddc651ca1dcd	main/submission-main-P05-C-G1.json	not_attempted	none	false
main	14	main-P05-A-G1	P05	A	1	1	1	main/prompt-P05-A.txt	a34f174cb5d686176a6a52366887f4af9c810b0ebccf300b23e40ffd88570cab	main/submission-main-P05-A-G1.json	not_attempted	none	false
main	14	main-P05-A-G1	P05	A	1	2	2	main/prompt-P05-A.txt	a34f174cb5d686176a6a52366887f4af9c810b0ebccf300b23e40ffd88570cab	main/submission-main-P05-A-G1.json	not_attempted	none	false
main	14	main-P05-A-G1	P05	A	1	3	3	main/prompt-P05-A.txt	a34f174cb5d686176a6a52366887f4af9c810b0ebccf300b23e40ffd88570cab	main/submission-main-P05-A-G1.json	not_attempted	none	false
main	14	main-P05-A-G1	P05	A	1	4	4	main/prompt-P05-A.txt	a34f174cb5d686176a6a52366887f4af9c810b0ebccf300b23e40ffd88570cab	main/submission-main-P05-A-G1.json	not_attempted	none	false
main	14	main-P05-A-G1	P05	A	1	5	5	main/prompt-P05-A.txt	a34f174cb5d686176a6a52366887f4af9c810b0ebccf300b23e40ffd88570cab	main/submission-main-P05-A-G1.json	not_attempted	none	true
main	15	main-P05-B-G1	P05	B	1	1	1	main/prompt-P05-B.txt	a34f174cb5d686176a6a52366887f4af9c810b0ebccf300b23e40ffd88570cab	main/submission-main-P05-B-G1.json	not_attempted	none	true
main	15	main-P05-B-G1	P05	B	1	2	2	main/prompt-P05-B.txt	a34f174cb5d686176a6a52366887f4af9c810b0ebccf300b23e40ffd88570cab	main/submission-main-P05-B-G1.json	not_attempted	none	false
main	15	main-P05-B-G1	P05	B	1	3	3	main/prompt-P05-B.txt	a34f174cb5d686176a6a52366887f4af9c810b0ebccf300b23e40ffd88570cab	main/submission-main-P05-B-G1.json	not_attempted	none	false
main	15	main-P05-B-G1	P05	B	1	4	4	main/prompt-P05-B.txt	a34f174cb5d686176a6a52366887f4af9c810b0ebccf300b23e40ffd88570cab	main/submission-main-P05-B-G1.json	not_attempted	none	false
main	15	main-P05-B-G1	P05	B	1	5	5	main/prompt-P05-B.txt	a34f174cb5d686176a6a52366887f4af9c810b0ebccf300b23e40ffd88570cab	main/submission-main-P05-B-G1.json	not_attempted	none	false
main	16	main-P06-C-G1	P06	C	1	1	1	main/prompt-P06-C.txt	a1f4949319d0920fe2a328071dcb9a08a1ca21db76931587902309c81c26a0f3	main/submission-main-P06-C-G1.json	not_attempted	none	false
main	16	main-P06-C-G1	P06	C	1	2	2	main/prompt-P06-C.txt	a1f4949319d0920fe2a328071dcb9a08a1ca21db76931587902309c81c26a0f3	main/submission-main-P06-C-G1.json	not_attempted	none	false
main	16	main-P06-C-G1	P06	C	1	3	3	main/prompt-P06-C.txt	a1f4949319d0920fe2a328071dcb9a08a1ca21db76931587902309c81c26a0f3	main/submission-main-P06-C-G1.json	not_attempted	none	true
main	16	main-P06-C-G1	P06	C	1	4	4	main/prompt-P06-C.txt	a1f4949319d0920fe2a328071dcb9a08a1ca21db76931587902309c81c26a0f3	main/submission-main-P06-C-G1.json	not_attempted	none	false
main	16	main-P06-C-G1	P06	C	1	5	5	main/prompt-P06-C.txt	a1f4949319d0920fe2a328071dcb9a08a1ca21db76931587902309c81c26a0f3	main/submission-main-P06-C-G1.json	not_attempted	none	false
main	17	main-P06-B-G1	P06	B	1	1	1	main/prompt-P06-B.txt	9496fca858941354f4b371c94cc21a05fd2537cc3e5852e1b9ce91a06a9f09bb	main/submission-main-P06-B-G1.json	not_attempted	none	false
main	17	main-P06-B-G1	P06	B	1	2	2	main/prompt-P06-B.txt	9496fca858941354f4b371c94cc21a05fd2537cc3e5852e1b9ce91a06a9f09bb	main/submission-main-P06-B-G1.json	not_attempted	none	true
main	17	main-P06-B-G1	P06	B	1	3	3	main/prompt-P06-B.txt	9496fca858941354f4b371c94cc21a05fd2537cc3e5852e1b9ce91a06a9f09bb	main/submission-main-P06-B-G1.json	not_attempted	none	false
main	17	main-P06-B-G1	P06	B	1	4	4	main/prompt-P06-B.txt	9496fca858941354f4b371c94cc21a05fd2537cc3e5852e1b9ce91a06a9f09bb	main/submission-main-P06-B-G1.json	not_attempted	none	false
main	17	main-P06-B-G1	P06	B	1	5	5	main/prompt-P06-B.txt	9496fca858941354f4b371c94cc21a05fd2537cc3e5852e1b9ce91a06a9f09bb	main/submission-main-P06-B-G1.json	not_attempted	none	false
main	18	main-P06-A-G1	P06	A	1	1	1	main/prompt-P06-A.txt	9496fca858941354f4b371c94cc21a05fd2537cc3e5852e1b9ce91a06a9f09bb	main/submission-main-P06-A-G1.json	not_attempted	none	true
main	18	main-P06-A-G1	P06	A	1	2	2	main/prompt-P06-A.txt	9496fca858941354f4b371c94cc21a05fd2537cc3e5852e1b9ce91a06a9f09bb	main/submission-main-P06-A-G1.json	not_attempted	none	false
main	18	main-P06-A-G1	P06	A	1	3	3	main/prompt-P06-A.txt	9496fca858941354f4b371c94cc21a05fd2537cc3e5852e1b9ce91a06a9f09bb	main/submission-main-P06-A-G1.json	not_attempted	none	false
main	18	main-P06-A-G1	P06	A	1	4	4	main/prompt-P06-A.txt	9496fca858941354f4b371c94cc21a05fd2537cc3e5852e1b9ce91a06a9f09bb	main/submission-main-P06-A-G1.json	not_attempted	none	false
main	18	main-P06-A-G1	P06	A	1	5	5	main/prompt-P06-A.txt	9496fca858941354f4b371c94cc21a05fd2537cc3e5852e1b9ce91a06a9f09bb	main/submission-main-P06-A-G1.json	not_attempted	none	false
main	19	main-P01-A-G2	P01	A	2	1	6	main/prompt-P01-A.txt	005ad5a432d4e0867b60c43d4bd73279fe2c9e13aa441d82a7100036074ef081	main/submission-main-P01-A-G2.json	not_attempted	none	false
main	19	main-P01-A-G2	P01	A	2	2	7	main/prompt-P01-A.txt	005ad5a432d4e0867b60c43d4bd73279fe2c9e13aa441d82a7100036074ef081	main/submission-main-P01-A-G2.json	not_attempted	none	true
main	19	main-P01-A-G2	P01	A	2	3	8	main/prompt-P01-A.txt	005ad5a432d4e0867b60c43d4bd73279fe2c9e13aa441d82a7100036074ef081	main/submission-main-P01-A-G2.json	not_attempted	none	false
main	19	main-P01-A-G2	P01	A	2	4	9	main/prompt-P01-A.txt	005ad5a432d4e0867b60c43d4bd73279fe2c9e13aa441d82a7100036074ef081	main/submission-main-P01-A-G2.json	not_attempted	none	false
main	19	main-P01-A-G2	P01	A	2	5	10	main/prompt-P01-A.txt	005ad5a432d4e0867b60c43d4bd73279fe2c9e13aa441d82a7100036074ef081	main/submission-main-P01-A-G2.json	not_attempted	none	false
main	20	main-P01-C-G2	P01	C	2	1	6	main/prompt-P01-C.txt	13fc0cdcd7244d6ab63204d37821b44a06029be9dfaf823903cc77ceebda17c8	main/submission-main-P01-C-G2.json	not_attempted	none	false
main	20	main-P01-C-G2	P01	C	2	2	7	main/prompt-P01-C.txt	13fc0cdcd7244d6ab63204d37821b44a06029be9dfaf823903cc77ceebda17c8	main/submission-main-P01-C-G2.json	not_attempted	none	false
main	20	main-P01-C-G2	P01	C	2	3	8	main/prompt-P01-C.txt	13fc0cdcd7244d6ab63204d37821b44a06029be9dfaf823903cc77ceebda17c8	main/submission-main-P01-C-G2.json	not_attempted	none	false
main	20	main-P01-C-G2	P01	C	2	4	9	main/prompt-P01-C.txt	13fc0cdcd7244d6ab63204d37821b44a06029be9dfaf823903cc77ceebda17c8	main/submission-main-P01-C-G2.json	not_attempted	none	true
main	20	main-P01-C-G2	P01	C	2	5	10	main/prompt-P01-C.txt	13fc0cdcd7244d6ab63204d37821b44a06029be9dfaf823903cc77ceebda17c8	main/submission-main-P01-C-G2.json	not_attempted	none	false
main	21	main-P01-B-G2	P01	B	2	1	6	main/prompt-P01-B.txt	005ad5a432d4e0867b60c43d4bd73279fe2c9e13aa441d82a7100036074ef081	main/submission-main-P01-B-G2.json	not_attempted	none	false
main	21	main-P01-B-G2	P01	B	2	2	7	main/prompt-P01-B.txt	005ad5a432d4e0867b60c43d4bd73279fe2c9e13aa441d82a7100036074ef081	main/submission-main-P01-B-G2.json	not_attempted	none	false
main	21	main-P01-B-G2	P01	B	2	3	8	main/prompt-P01-B.txt	005ad5a432d4e0867b60c43d4bd73279fe2c9e13aa441d82a7100036074ef081	main/submission-main-P01-B-G2.json	not_attempted	none	true
main	21	main-P01-B-G2	P01	B	2	4	9	main/prompt-P01-B.txt	005ad5a432d4e0867b60c43d4bd73279fe2c9e13aa441d82a7100036074ef081	main/submission-main-P01-B-G2.json	not_attempted	none	false
main	21	main-P01-B-G2	P01	B	2	5	10	main/prompt-P01-B.txt	005ad5a432d4e0867b60c43d4bd73279fe2c9e13aa441d82a7100036074ef081	main/submission-main-P01-B-G2.json	not_attempted	none	false
main	22	main-P02-B-G2	P02	B	2	1	6	main/prompt-P02-B.txt	d7a0f87b417adab26225613fa1646656d20bf0bcf3c2a8bdedc6defe906c245f	main/submission-main-P02-B-G2.json	not_attempted	none	false
main	22	main-P02-B-G2	P02	B	2	2	7	main/prompt-P02-B.txt	d7a0f87b417adab26225613fa1646656d20bf0bcf3c2a8bdedc6defe906c245f	main/submission-main-P02-B-G2.json	not_attempted	none	false
main	22	main-P02-B-G2	P02	B	2	3	8	main/prompt-P02-B.txt	d7a0f87b417adab26225613fa1646656d20bf0bcf3c2a8bdedc6defe906c245f	main/submission-main-P02-B-G2.json	not_attempted	none	false
main	22	main-P02-B-G2	P02	B	2	4	9	main/prompt-P02-B.txt	d7a0f87b417adab26225613fa1646656d20bf0bcf3c2a8bdedc6defe906c245f	main/submission-main-P02-B-G2.json	not_attempted	none	true
main	22	main-P02-B-G2	P02	B	2	5	10	main/prompt-P02-B.txt	d7a0f87b417adab26225613fa1646656d20bf0bcf3c2a8bdedc6defe906c245f	main/submission-main-P02-B-G2.json	not_attempted	none	false
main	23	main-P02-A-G2	P02	A	2	1	6	main/prompt-P02-A.txt	d7a0f87b417adab26225613fa1646656d20bf0bcf3c2a8bdedc6defe906c245f	main/submission-main-P02-A-G2.json	not_attempted	none	false
main	23	main-P02-A-G2	P02	A	2	2	7	main/prompt-P02-A.txt	d7a0f87b417adab26225613fa1646656d20bf0bcf3c2a8bdedc6defe906c245f	main/submission-main-P02-A-G2.json	not_attempted	none	false
main	23	main-P02-A-G2	P02	A	2	3	8	main/prompt-P02-A.txt	d7a0f87b417adab26225613fa1646656d20bf0bcf3c2a8bdedc6defe906c245f	main/submission-main-P02-A-G2.json	not_attempted	none	true
main	23	main-P02-A-G2	P02	A	2	4	9	main/prompt-P02-A.txt	d7a0f87b417adab26225613fa1646656d20bf0bcf3c2a8bdedc6defe906c245f	main/submission-main-P02-A-G2.json	not_attempted	none	false
main	23	main-P02-A-G2	P02	A	2	5	10	main/prompt-P02-A.txt	d7a0f87b417adab26225613fa1646656d20bf0bcf3c2a8bdedc6defe906c245f	main/submission-main-P02-A-G2.json	not_attempted	none	false
main	24	main-P02-C-G2	P02	C	2	1	6	main/prompt-P02-C.txt	4145b82acf563aca9970a39289eb90c4f886d980585b322231b3b1f3de34fe40	main/submission-main-P02-C-G2.json	not_attempted	none	false
main	24	main-P02-C-G2	P02	C	2	2	7	main/prompt-P02-C.txt	4145b82acf563aca9970a39289eb90c4f886d980585b322231b3b1f3de34fe40	main/submission-main-P02-C-G2.json	not_attempted	none	false
main	24	main-P02-C-G2	P02	C	2	3	8	main/prompt-P02-C.txt	4145b82acf563aca9970a39289eb90c4f886d980585b322231b3b1f3de34fe40	main/submission-main-P02-C-G2.json	not_attempted	none	false
main	24	main-P02-C-G2	P02	C	2	4	9	main/prompt-P02-C.txt	4145b82acf563aca9970a39289eb90c4f886d980585b322231b3b1f3de34fe40	main/submission-main-P02-C-G2.json	not_attempted	none	false
main	24	main-P02-C-G2	P02	C	2	5	10	main/prompt-P02-C.txt	4145b82acf563aca9970a39289eb90c4f886d980585b322231b3b1f3de34fe40	main/submission-main-P02-C-G2.json	not_attempted	none	true
main	25	main-P03-B-G2	P03	B	2	1	6	main/prompt-P03-B.txt	af8fbab7795f8c445244e338431ae7e2c3a9f3f7ca9520e3012adb1895158255	main/submission-main-P03-B-G2.json	not_attempted	none	false
main	25	main-P03-B-G2	P03	B	2	2	7	main/prompt-P03-B.txt	af8fbab7795f8c445244e338431ae7e2c3a9f3f7ca9520e3012adb1895158255	main/submission-main-P03-B-G2.json	not_attempted	none	false
main	25	main-P03-B-G2	P03	B	2	3	8	main/prompt-P03-B.txt	af8fbab7795f8c445244e338431ae7e2c3a9f3f7ca9520e3012adb1895158255	main/submission-main-P03-B-G2.json	not_attempted	none	false
main	25	main-P03-B-G2	P03	B	2	4	9	main/prompt-P03-B.txt	af8fbab7795f8c445244e338431ae7e2c3a9f3f7ca9520e3012adb1895158255	main/submission-main-P03-B-G2.json	not_attempted	none	false
main	25	main-P03-B-G2	P03	B	2	5	10	main/prompt-P03-B.txt	af8fbab7795f8c445244e338431ae7e2c3a9f3f7ca9520e3012adb1895158255	main/submission-main-P03-B-G2.json	not_attempted	none	true
main	26	main-P03-C-G2	P03	C	2	1	6	main/prompt-P03-C.txt	ddc9e17752b6fbd0f9ab85afe77ae5a039e7e29c2f02406b5c9f50b943bdae7d	main/submission-main-P03-C-G2.json	not_attempted	none	true
main	26	main-P03-C-G2	P03	C	2	2	7	main/prompt-P03-C.txt	ddc9e17752b6fbd0f9ab85afe77ae5a039e7e29c2f02406b5c9f50b943bdae7d	main/submission-main-P03-C-G2.json	not_attempted	none	false
main	26	main-P03-C-G2	P03	C	2	3	8	main/prompt-P03-C.txt	ddc9e17752b6fbd0f9ab85afe77ae5a039e7e29c2f02406b5c9f50b943bdae7d	main/submission-main-P03-C-G2.json	not_attempted	none	false
main	26	main-P03-C-G2	P03	C	2	4	9	main/prompt-P03-C.txt	ddc9e17752b6fbd0f9ab85afe77ae5a039e7e29c2f02406b5c9f50b943bdae7d	main/submission-main-P03-C-G2.json	not_attempted	none	false
main	26	main-P03-C-G2	P03	C	2	5	10	main/prompt-P03-C.txt	ddc9e17752b6fbd0f9ab85afe77ae5a039e7e29c2f02406b5c9f50b943bdae7d	main/submission-main-P03-C-G2.json	not_attempted	none	false
main	27	main-P03-A-G2	P03	A	2	1	6	main/prompt-P03-A.txt	af8fbab7795f8c445244e338431ae7e2c3a9f3f7ca9520e3012adb1895158255	main/submission-main-P03-A-G2.json	not_attempted	none	false
main	27	main-P03-A-G2	P03	A	2	2	7	main/prompt-P03-A.txt	af8fbab7795f8c445244e338431ae7e2c3a9f3f7ca9520e3012adb1895158255	main/submission-main-P03-A-G2.json	not_attempted	none	false
main	27	main-P03-A-G2	P03	A	2	3	8	main/prompt-P03-A.txt	af8fbab7795f8c445244e338431ae7e2c3a9f3f7ca9520e3012adb1895158255	main/submission-main-P03-A-G2.json	not_attempted	none	false
main	27	main-P03-A-G2	P03	A	2	4	9	main/prompt-P03-A.txt	af8fbab7795f8c445244e338431ae7e2c3a9f3f7ca9520e3012adb1895158255	main/submission-main-P03-A-G2.json	not_attempted	none	true
main	27	main-P03-A-G2	P03	A	2	5	10	main/prompt-P03-A.txt	af8fbab7795f8c445244e338431ae7e2c3a9f3f7ca9520e3012adb1895158255	main/submission-main-P03-A-G2.json	not_attempted	none	false
main	28	main-P04-C-G2	P04	C	2	1	6	main/prompt-P04-C.txt	a69e791df3dded985b82928d382d7d7f16e767764c716ad088c4bbe017d30651	main/submission-main-P04-C-G2.json	not_attempted	none	false
main	28	main-P04-C-G2	P04	C	2	2	7	main/prompt-P04-C.txt	a69e791df3dded985b82928d382d7d7f16e767764c716ad088c4bbe017d30651	main/submission-main-P04-C-G2.json	not_attempted	none	true
main	28	main-P04-C-G2	P04	C	2	3	8	main/prompt-P04-C.txt	a69e791df3dded985b82928d382d7d7f16e767764c716ad088c4bbe017d30651	main/submission-main-P04-C-G2.json	not_attempted	none	false
main	28	main-P04-C-G2	P04	C	2	4	9	main/prompt-P04-C.txt	a69e791df3dded985b82928d382d7d7f16e767764c716ad088c4bbe017d30651	main/submission-main-P04-C-G2.json	not_attempted	none	false
main	28	main-P04-C-G2	P04	C	2	5	10	main/prompt-P04-C.txt	a69e791df3dded985b82928d382d7d7f16e767764c716ad088c4bbe017d30651	main/submission-main-P04-C-G2.json	not_attempted	none	false
main	29	main-P04-A-G2	P04	A	2	1	6	main/prompt-P04-A.txt	e90457e32faf1ed93db53ce480665ef6ad2ca4a7dafa4c2df1d176a3550381ba	main/submission-main-P04-A-G2.json	not_attempted	none	false
main	29	main-P04-A-G2	P04	A	2	2	7	main/prompt-P04-A.txt	e90457e32faf1ed93db53ce480665ef6ad2ca4a7dafa4c2df1d176a3550381ba	main/submission-main-P04-A-G2.json	not_attempted	none	false
main	29	main-P04-A-G2	P04	A	2	3	8	main/prompt-P04-A.txt	e90457e32faf1ed93db53ce480665ef6ad2ca4a7dafa4c2df1d176a3550381ba	main/submission-main-P04-A-G2.json	not_attempted	none	false
main	29	main-P04-A-G2	P04	A	2	4	9	main/prompt-P04-A.txt	e90457e32faf1ed93db53ce480665ef6ad2ca4a7dafa4c2df1d176a3550381ba	main/submission-main-P04-A-G2.json	not_attempted	none	false
main	29	main-P04-A-G2	P04	A	2	5	10	main/prompt-P04-A.txt	e90457e32faf1ed93db53ce480665ef6ad2ca4a7dafa4c2df1d176a3550381ba	main/submission-main-P04-A-G2.json	not_attempted	none	true
main	30	main-P04-B-G2	P04	B	2	1	6	main/prompt-P04-B.txt	e90457e32faf1ed93db53ce480665ef6ad2ca4a7dafa4c2df1d176a3550381ba	main/submission-main-P04-B-G2.json	not_attempted	none	true
main	30	main-P04-B-G2	P04	B	2	2	7	main/prompt-P04-B.txt	e90457e32faf1ed93db53ce480665ef6ad2ca4a7dafa4c2df1d176a3550381ba	main/submission-main-P04-B-G2.json	not_attempted	none	false
main	30	main-P04-B-G2	P04	B	2	3	8	main/prompt-P04-B.txt	e90457e32faf1ed93db53ce480665ef6ad2ca4a7dafa4c2df1d176a3550381ba	main/submission-main-P04-B-G2.json	not_attempted	none	false
main	30	main-P04-B-G2	P04	B	2	4	9	main/prompt-P04-B.txt	e90457e32faf1ed93db53ce480665ef6ad2ca4a7dafa4c2df1d176a3550381ba	main/submission-main-P04-B-G2.json	not_attempted	none	false
main	30	main-P04-B-G2	P04	B	2	5	10	main/prompt-P04-B.txt	e90457e32faf1ed93db53ce480665ef6ad2ca4a7dafa4c2df1d176a3550381ba	main/submission-main-P04-B-G2.json	not_attempted	none	false
main	31	main-P05-C-G2	P05	C	2	1	6	main/prompt-P05-C.txt	d46d7a8901306d3e7e2453ee5099126e52b13f6089db20dcdb62ddc651ca1dcd	main/submission-main-P05-C-G2.json	not_attempted	none	false
main	31	main-P05-C-G2	P05	C	2	2	7	main/prompt-P05-C.txt	d46d7a8901306d3e7e2453ee5099126e52b13f6089db20dcdb62ddc651ca1dcd	main/submission-main-P05-C-G2.json	not_attempted	none	false
main	31	main-P05-C-G2	P05	C	2	3	8	main/prompt-P05-C.txt	d46d7a8901306d3e7e2453ee5099126e52b13f6089db20dcdb62ddc651ca1dcd	main/submission-main-P05-C-G2.json	not_attempted	none	true
main	31	main-P05-C-G2	P05	C	2	4	9	main/prompt-P05-C.txt	d46d7a8901306d3e7e2453ee5099126e52b13f6089db20dcdb62ddc651ca1dcd	main/submission-main-P05-C-G2.json	not_attempted	none	false
main	31	main-P05-C-G2	P05	C	2	5	10	main/prompt-P05-C.txt	d46d7a8901306d3e7e2453ee5099126e52b13f6089db20dcdb62ddc651ca1dcd	main/submission-main-P05-C-G2.json	not_attempted	none	false
main	32	main-P05-B-G2	P05	B	2	1	6	main/prompt-P05-B.txt	a34f174cb5d686176a6a52366887f4af9c810b0ebccf300b23e40ffd88570cab	main/submission-main-P05-B-G2.json	not_attempted	none	false
main	32	main-P05-B-G2	P05	B	2	2	7	main/prompt-P05-B.txt	a34f174cb5d686176a6a52366887f4af9c810b0ebccf300b23e40ffd88570cab	main/submission-main-P05-B-G2.json	not_attempted	none	true
main	32	main-P05-B-G2	P05	B	2	3	8	main/prompt-P05-B.txt	a34f174cb5d686176a6a52366887f4af9c810b0ebccf300b23e40ffd88570cab	main/submission-main-P05-B-G2.json	not_attempted	none	false
main	32	main-P05-B-G2	P05	B	2	4	9	main/prompt-P05-B.txt	a34f174cb5d686176a6a52366887f4af9c810b0ebccf300b23e40ffd88570cab	main/submission-main-P05-B-G2.json	not_attempted	none	false
main	32	main-P05-B-G2	P05	B	2	5	10	main/prompt-P05-B.txt	a34f174cb5d686176a6a52366887f4af9c810b0ebccf300b23e40ffd88570cab	main/submission-main-P05-B-G2.json	not_attempted	none	false
main	33	main-P05-A-G2	P05	A	2	1	6	main/prompt-P05-A.txt	a34f174cb5d686176a6a52366887f4af9c810b0ebccf300b23e40ffd88570cab	main/submission-main-P05-A-G2.json	not_attempted	none	true
main	33	main-P05-A-G2	P05	A	2	2	7	main/prompt-P05-A.txt	a34f174cb5d686176a6a52366887f4af9c810b0ebccf300b23e40ffd88570cab	main/submission-main-P05-A-G2.json	not_attempted	none	false
main	33	main-P05-A-G2	P05	A	2	3	8	main/prompt-P05-A.txt	a34f174cb5d686176a6a52366887f4af9c810b0ebccf300b23e40ffd88570cab	main/submission-main-P05-A-G2.json	not_attempted	none	false
main	33	main-P05-A-G2	P05	A	2	4	9	main/prompt-P05-A.txt	a34f174cb5d686176a6a52366887f4af9c810b0ebccf300b23e40ffd88570cab	main/submission-main-P05-A-G2.json	not_attempted	none	false
main	33	main-P05-A-G2	P05	A	2	5	10	main/prompt-P05-A.txt	a34f174cb5d686176a6a52366887f4af9c810b0ebccf300b23e40ffd88570cab	main/submission-main-P05-A-G2.json	not_attempted	none	false
main	34	main-P06-A-G2	P06	A	2	1	6	main/prompt-P06-A.txt	9496fca858941354f4b371c94cc21a05fd2537cc3e5852e1b9ce91a06a9f09bb	main/submission-main-P06-A-G2.json	not_attempted	none	false
main	34	main-P06-A-G2	P06	A	2	2	7	main/prompt-P06-A.txt	9496fca858941354f4b371c94cc21a05fd2537cc3e5852e1b9ce91a06a9f09bb	main/submission-main-P06-A-G2.json	not_attempted	none	true
main	34	main-P06-A-G2	P06	A	2	3	8	main/prompt-P06-A.txt	9496fca858941354f4b371c94cc21a05fd2537cc3e5852e1b9ce91a06a9f09bb	main/submission-main-P06-A-G2.json	not_attempted	none	false
main	34	main-P06-A-G2	P06	A	2	4	9	main/prompt-P06-A.txt	9496fca858941354f4b371c94cc21a05fd2537cc3e5852e1b9ce91a06a9f09bb	main/submission-main-P06-A-G2.json	not_attempted	none	false
main	34	main-P06-A-G2	P06	A	2	5	10	main/prompt-P06-A.txt	9496fca858941354f4b371c94cc21a05fd2537cc3e5852e1b9ce91a06a9f09bb	main/submission-main-P06-A-G2.json	not_attempted	none	false
main	35	main-P06-B-G2	P06	B	2	1	6	main/prompt-P06-B.txt	9496fca858941354f4b371c94cc21a05fd2537cc3e5852e1b9ce91a06a9f09bb	main/submission-main-P06-B-G2.json	not_attempted	none	false
main	35	main-P06-B-G2	P06	B	2	2	7	main/prompt-P06-B.txt	9496fca858941354f4b371c94cc21a05fd2537cc3e5852e1b9ce91a06a9f09bb	main/submission-main-P06-B-G2.json	not_attempted	none	false
main	35	main-P06-B-G2	P06	B	2	3	8	main/prompt-P06-B.txt	9496fca858941354f4b371c94cc21a05fd2537cc3e5852e1b9ce91a06a9f09bb	main/submission-main-P06-B-G2.json	not_attempted	none	true
main	35	main-P06-B-G2	P06	B	2	4	9	main/prompt-P06-B.txt	9496fca858941354f4b371c94cc21a05fd2537cc3e5852e1b9ce91a06a9f09bb	main/submission-main-P06-B-G2.json	not_attempted	none	false
main	35	main-P06-B-G2	P06	B	2	5	10	main/prompt-P06-B.txt	9496fca858941354f4b371c94cc21a05fd2537cc3e5852e1b9ce91a06a9f09bb	main/submission-main-P06-B-G2.json	not_attempted	none	false
main	36	main-P06-C-G2	P06	C	2	1	6	main/prompt-P06-C.txt	a1f4949319d0920fe2a328071dcb9a08a1ca21db76931587902309c81c26a0f3	main/submission-main-P06-C-G2.json	not_attempted	none	false
main	36	main-P06-C-G2	P06	C	2	2	7	main/prompt-P06-C.txt	a1f4949319d0920fe2a328071dcb9a08a1ca21db76931587902309c81c26a0f3	main/submission-main-P06-C-G2.json	not_attempted	none	false
main	36	main-P06-C-G2	P06	C	2	3	8	main/prompt-P06-C.txt	a1f4949319d0920fe2a328071dcb9a08a1ca21db76931587902309c81c26a0f3	main/submission-main-P06-C-G2.json	not_attempted	none	false
main	36	main-P06-C-G2	P06	C	2	4	9	main/prompt-P06-C.txt	a1f4949319d0920fe2a328071dcb9a08a1ca21db76931587902309c81c26a0f3	main/submission-main-P06-C-G2.json	not_attempted	none	true
main	36	main-P06-C-G2	P06	C	2	5	10	main/prompt-P06-C.txt	a1f4949319d0920fe2a328071dcb9a08a1ca21db76931587902309c81c26a0f3	main/submission-main-P06-C-G2.json	not_attempted	none	false
main	37	main-P01-B-G3	P01	B	3	1	11	main/prompt-P01-B.txt	005ad5a432d4e0867b60c43d4bd73279fe2c9e13aa441d82a7100036074ef081	main/submission-main-P01-B-G3.json	not_attempted	none	false
main	37	main-P01-B-G3	P01	B	3	2	12	main/prompt-P01-B.txt	005ad5a432d4e0867b60c43d4bd73279fe2c9e13aa441d82a7100036074ef081	main/submission-main-P01-B-G3.json	not_attempted	none	false
main	37	main-P01-B-G3	P01	B	3	3	13	main/prompt-P01-B.txt	005ad5a432d4e0867b60c43d4bd73279fe2c9e13aa441d82a7100036074ef081	main/submission-main-P01-B-G3.json	not_attempted	none	false
main	37	main-P01-B-G3	P01	B	3	4	14	main/prompt-P01-B.txt	005ad5a432d4e0867b60c43d4bd73279fe2c9e13aa441d82a7100036074ef081	main/submission-main-P01-B-G3.json	not_attempted	none	true
main	37	main-P01-B-G3	P01	B	3	5	15	main/prompt-P01-B.txt	005ad5a432d4e0867b60c43d4bd73279fe2c9e13aa441d82a7100036074ef081	main/submission-main-P01-B-G3.json	not_attempted	none	false
main	38	main-P01-A-G3	P01	A	3	1	11	main/prompt-P01-A.txt	005ad5a432d4e0867b60c43d4bd73279fe2c9e13aa441d82a7100036074ef081	main/submission-main-P01-A-G3.json	not_attempted	none	false
main	38	main-P01-A-G3	P01	A	3	2	12	main/prompt-P01-A.txt	005ad5a432d4e0867b60c43d4bd73279fe2c9e13aa441d82a7100036074ef081	main/submission-main-P01-A-G3.json	not_attempted	none	false
main	38	main-P01-A-G3	P01	A	3	3	13	main/prompt-P01-A.txt	005ad5a432d4e0867b60c43d4bd73279fe2c9e13aa441d82a7100036074ef081	main/submission-main-P01-A-G3.json	not_attempted	none	true
main	38	main-P01-A-G3	P01	A	3	4	14	main/prompt-P01-A.txt	005ad5a432d4e0867b60c43d4bd73279fe2c9e13aa441d82a7100036074ef081	main/submission-main-P01-A-G3.json	not_attempted	none	false
main	38	main-P01-A-G3	P01	A	3	5	15	main/prompt-P01-A.txt	005ad5a432d4e0867b60c43d4bd73279fe2c9e13aa441d82a7100036074ef081	main/submission-main-P01-A-G3.json	not_attempted	none	false
main	39	main-P01-C-G3	P01	C	3	1	11	main/prompt-P01-C.txt	13fc0cdcd7244d6ab63204d37821b44a06029be9dfaf823903cc77ceebda17c8	main/submission-main-P01-C-G3.json	not_attempted	none	false
main	39	main-P01-C-G3	P01	C	3	2	12	main/prompt-P01-C.txt	13fc0cdcd7244d6ab63204d37821b44a06029be9dfaf823903cc77ceebda17c8	main/submission-main-P01-C-G3.json	not_attempted	none	false
main	39	main-P01-C-G3	P01	C	3	3	13	main/prompt-P01-C.txt	13fc0cdcd7244d6ab63204d37821b44a06029be9dfaf823903cc77ceebda17c8	main/submission-main-P01-C-G3.json	not_attempted	none	false
main	39	main-P01-C-G3	P01	C	3	4	14	main/prompt-P01-C.txt	13fc0cdcd7244d6ab63204d37821b44a06029be9dfaf823903cc77ceebda17c8	main/submission-main-P01-C-G3.json	not_attempted	none	false
main	39	main-P01-C-G3	P01	C	3	5	15	main/prompt-P01-C.txt	13fc0cdcd7244d6ab63204d37821b44a06029be9dfaf823903cc77ceebda17c8	main/submission-main-P01-C-G3.json	not_attempted	none	true
main	40	main-P02-B-G3	P02	B	3	1	11	main/prompt-P02-B.txt	d7a0f87b417adab26225613fa1646656d20bf0bcf3c2a8bdedc6defe906c245f	main/submission-main-P02-B-G3.json	not_attempted	none	false
main	40	main-P02-B-G3	P02	B	3	2	12	main/prompt-P02-B.txt	d7a0f87b417adab26225613fa1646656d20bf0bcf3c2a8bdedc6defe906c245f	main/submission-main-P02-B-G3.json	not_attempted	none	false
main	40	main-P02-B-G3	P02	B	3	3	13	main/prompt-P02-B.txt	d7a0f87b417adab26225613fa1646656d20bf0bcf3c2a8bdedc6defe906c245f	main/submission-main-P02-B-G3.json	not_attempted	none	false
main	40	main-P02-B-G3	P02	B	3	4	14	main/prompt-P02-B.txt	d7a0f87b417adab26225613fa1646656d20bf0bcf3c2a8bdedc6defe906c245f	main/submission-main-P02-B-G3.json	not_attempted	none	false
main	40	main-P02-B-G3	P02	B	3	5	15	main/prompt-P02-B.txt	d7a0f87b417adab26225613fa1646656d20bf0bcf3c2a8bdedc6defe906c245f	main/submission-main-P02-B-G3.json	not_attempted	none	true
main	41	main-P02-C-G3	P02	C	3	1	11	main/prompt-P02-C.txt	4145b82acf563aca9970a39289eb90c4f886d980585b322231b3b1f3de34fe40	main/submission-main-P02-C-G3.json	not_attempted	none	true
main	41	main-P02-C-G3	P02	C	3	2	12	main/prompt-P02-C.txt	4145b82acf563aca9970a39289eb90c4f886d980585b322231b3b1f3de34fe40	main/submission-main-P02-C-G3.json	not_attempted	none	false
main	41	main-P02-C-G3	P02	C	3	3	13	main/prompt-P02-C.txt	4145b82acf563aca9970a39289eb90c4f886d980585b322231b3b1f3de34fe40	main/submission-main-P02-C-G3.json	not_attempted	none	false
main	41	main-P02-C-G3	P02	C	3	4	14	main/prompt-P02-C.txt	4145b82acf563aca9970a39289eb90c4f886d980585b322231b3b1f3de34fe40	main/submission-main-P02-C-G3.json	not_attempted	none	false
main	41	main-P02-C-G3	P02	C	3	5	15	main/prompt-P02-C.txt	4145b82acf563aca9970a39289eb90c4f886d980585b322231b3b1f3de34fe40	main/submission-main-P02-C-G3.json	not_attempted	none	false
main	42	main-P02-A-G3	P02	A	3	1	11	main/prompt-P02-A.txt	d7a0f87b417adab26225613fa1646656d20bf0bcf3c2a8bdedc6defe906c245f	main/submission-main-P02-A-G3.json	not_attempted	none	false
main	42	main-P02-A-G3	P02	A	3	2	12	main/prompt-P02-A.txt	d7a0f87b417adab26225613fa1646656d20bf0bcf3c2a8bdedc6defe906c245f	main/submission-main-P02-A-G3.json	not_attempted	none	false
main	42	main-P02-A-G3	P02	A	3	3	13	main/prompt-P02-A.txt	d7a0f87b417adab26225613fa1646656d20bf0bcf3c2a8bdedc6defe906c245f	main/submission-main-P02-A-G3.json	not_attempted	none	false
main	42	main-P02-A-G3	P02	A	3	4	14	main/prompt-P02-A.txt	d7a0f87b417adab26225613fa1646656d20bf0bcf3c2a8bdedc6defe906c245f	main/submission-main-P02-A-G3.json	not_attempted	none	true
main	42	main-P02-A-G3	P02	A	3	5	15	main/prompt-P02-A.txt	d7a0f87b417adab26225613fa1646656d20bf0bcf3c2a8bdedc6defe906c245f	main/submission-main-P02-A-G3.json	not_attempted	none	false
main	43	main-P03-C-G3	P03	C	3	1	11	main/prompt-P03-C.txt	ddc9e17752b6fbd0f9ab85afe77ae5a039e7e29c2f02406b5c9f50b943bdae7d	main/submission-main-P03-C-G3.json	not_attempted	none	false
main	43	main-P03-C-G3	P03	C	3	2	12	main/prompt-P03-C.txt	ddc9e17752b6fbd0f9ab85afe77ae5a039e7e29c2f02406b5c9f50b943bdae7d	main/submission-main-P03-C-G3.json	not_attempted	none	true
main	43	main-P03-C-G3	P03	C	3	3	13	main/prompt-P03-C.txt	ddc9e17752b6fbd0f9ab85afe77ae5a039e7e29c2f02406b5c9f50b943bdae7d	main/submission-main-P03-C-G3.json	not_attempted	none	false
main	43	main-P03-C-G3	P03	C	3	4	14	main/prompt-P03-C.txt	ddc9e17752b6fbd0f9ab85afe77ae5a039e7e29c2f02406b5c9f50b943bdae7d	main/submission-main-P03-C-G3.json	not_attempted	none	false
main	43	main-P03-C-G3	P03	C	3	5	15	main/prompt-P03-C.txt	ddc9e17752b6fbd0f9ab85afe77ae5a039e7e29c2f02406b5c9f50b943bdae7d	main/submission-main-P03-C-G3.json	not_attempted	none	false
main	44	main-P03-A-G3	P03	A	3	1	11	main/prompt-P03-A.txt	af8fbab7795f8c445244e338431ae7e2c3a9f3f7ca9520e3012adb1895158255	main/submission-main-P03-A-G3.json	not_attempted	none	false
main	44	main-P03-A-G3	P03	A	3	2	12	main/prompt-P03-A.txt	af8fbab7795f8c445244e338431ae7e2c3a9f3f7ca9520e3012adb1895158255	main/submission-main-P03-A-G3.json	not_attempted	none	false
main	44	main-P03-A-G3	P03	A	3	3	13	main/prompt-P03-A.txt	af8fbab7795f8c445244e338431ae7e2c3a9f3f7ca9520e3012adb1895158255	main/submission-main-P03-A-G3.json	not_attempted	none	false
main	44	main-P03-A-G3	P03	A	3	4	14	main/prompt-P03-A.txt	af8fbab7795f8c445244e338431ae7e2c3a9f3f7ca9520e3012adb1895158255	main/submission-main-P03-A-G3.json	not_attempted	none	false
main	44	main-P03-A-G3	P03	A	3	5	15	main/prompt-P03-A.txt	af8fbab7795f8c445244e338431ae7e2c3a9f3f7ca9520e3012adb1895158255	main/submission-main-P03-A-G3.json	not_attempted	none	true
main	45	main-P03-B-G3	P03	B	3	1	11	main/prompt-P03-B.txt	af8fbab7795f8c445244e338431ae7e2c3a9f3f7ca9520e3012adb1895158255	main/submission-main-P03-B-G3.json	not_attempted	none	true
main	45	main-P03-B-G3	P03	B	3	2	12	main/prompt-P03-B.txt	af8fbab7795f8c445244e338431ae7e2c3a9f3f7ca9520e3012adb1895158255	main/submission-main-P03-B-G3.json	not_attempted	none	false
main	45	main-P03-B-G3	P03	B	3	3	13	main/prompt-P03-B.txt	af8fbab7795f8c445244e338431ae7e2c3a9f3f7ca9520e3012adb1895158255	main/submission-main-P03-B-G3.json	not_attempted	none	false
main	45	main-P03-B-G3	P03	B	3	4	14	main/prompt-P03-B.txt	af8fbab7795f8c445244e338431ae7e2c3a9f3f7ca9520e3012adb1895158255	main/submission-main-P03-B-G3.json	not_attempted	none	false
main	45	main-P03-B-G3	P03	B	3	5	15	main/prompt-P03-B.txt	af8fbab7795f8c445244e338431ae7e2c3a9f3f7ca9520e3012adb1895158255	main/submission-main-P03-B-G3.json	not_attempted	none	false
main	46	main-P04-C-G3	P04	C	3	1	11	main/prompt-P04-C.txt	a69e791df3dded985b82928d382d7d7f16e767764c716ad088c4bbe017d30651	main/submission-main-P04-C-G3.json	not_attempted	none	false
main	46	main-P04-C-G3	P04	C	3	2	12	main/prompt-P04-C.txt	a69e791df3dded985b82928d382d7d7f16e767764c716ad088c4bbe017d30651	main/submission-main-P04-C-G3.json	not_attempted	none	false
main	46	main-P04-C-G3	P04	C	3	3	13	main/prompt-P04-C.txt	a69e791df3dded985b82928d382d7d7f16e767764c716ad088c4bbe017d30651	main/submission-main-P04-C-G3.json	not_attempted	none	true
main	46	main-P04-C-G3	P04	C	3	4	14	main/prompt-P04-C.txt	a69e791df3dded985b82928d382d7d7f16e767764c716ad088c4bbe017d30651	main/submission-main-P04-C-G3.json	not_attempted	none	false
main	46	main-P04-C-G3	P04	C	3	5	15	main/prompt-P04-C.txt	a69e791df3dded985b82928d382d7d7f16e767764c716ad088c4bbe017d30651	main/submission-main-P04-C-G3.json	not_attempted	none	false
main	47	main-P04-B-G3	P04	B	3	1	11	main/prompt-P04-B.txt	e90457e32faf1ed93db53ce480665ef6ad2ca4a7dafa4c2df1d176a3550381ba	main/submission-main-P04-B-G3.json	not_attempted	none	false
main	47	main-P04-B-G3	P04	B	3	2	12	main/prompt-P04-B.txt	e90457e32faf1ed93db53ce480665ef6ad2ca4a7dafa4c2df1d176a3550381ba	main/submission-main-P04-B-G3.json	not_attempted	none	true
main	47	main-P04-B-G3	P04	B	3	3	13	main/prompt-P04-B.txt	e90457e32faf1ed93db53ce480665ef6ad2ca4a7dafa4c2df1d176a3550381ba	main/submission-main-P04-B-G3.json	not_attempted	none	false
main	47	main-P04-B-G3	P04	B	3	4	14	main/prompt-P04-B.txt	e90457e32faf1ed93db53ce480665ef6ad2ca4a7dafa4c2df1d176a3550381ba	main/submission-main-P04-B-G3.json	not_attempted	none	false
main	47	main-P04-B-G3	P04	B	3	5	15	main/prompt-P04-B.txt	e90457e32faf1ed93db53ce480665ef6ad2ca4a7dafa4c2df1d176a3550381ba	main/submission-main-P04-B-G3.json	not_attempted	none	false
main	48	main-P04-A-G3	P04	A	3	1	11	main/prompt-P04-A.txt	e90457e32faf1ed93db53ce480665ef6ad2ca4a7dafa4c2df1d176a3550381ba	main/submission-main-P04-A-G3.json	not_attempted	none	true
main	48	main-P04-A-G3	P04	A	3	2	12	main/prompt-P04-A.txt	e90457e32faf1ed93db53ce480665ef6ad2ca4a7dafa4c2df1d176a3550381ba	main/submission-main-P04-A-G3.json	not_attempted	none	false
main	48	main-P04-A-G3	P04	A	3	3	13	main/prompt-P04-A.txt	e90457e32faf1ed93db53ce480665ef6ad2ca4a7dafa4c2df1d176a3550381ba	main/submission-main-P04-A-G3.json	not_attempted	none	false
main	48	main-P04-A-G3	P04	A	3	4	14	main/prompt-P04-A.txt	e90457e32faf1ed93db53ce480665ef6ad2ca4a7dafa4c2df1d176a3550381ba	main/submission-main-P04-A-G3.json	not_attempted	none	false
main	48	main-P04-A-G3	P04	A	3	5	15	main/prompt-P04-A.txt	e90457e32faf1ed93db53ce480665ef6ad2ca4a7dafa4c2df1d176a3550381ba	main/submission-main-P04-A-G3.json	not_attempted	none	false
main	49	main-P05-A-G3	P05	A	3	1	11	main/prompt-P05-A.txt	a34f174cb5d686176a6a52366887f4af9c810b0ebccf300b23e40ffd88570cab	main/submission-main-P05-A-G3.json	not_attempted	none	false
main	49	main-P05-A-G3	P05	A	3	2	12	main/prompt-P05-A.txt	a34f174cb5d686176a6a52366887f4af9c810b0ebccf300b23e40ffd88570cab	main/submission-main-P05-A-G3.json	not_attempted	none	true
main	49	main-P05-A-G3	P05	A	3	3	13	main/prompt-P05-A.txt	a34f174cb5d686176a6a52366887f4af9c810b0ebccf300b23e40ffd88570cab	main/submission-main-P05-A-G3.json	not_attempted	none	false
main	49	main-P05-A-G3	P05	A	3	4	14	main/prompt-P05-A.txt	a34f174cb5d686176a6a52366887f4af9c810b0ebccf300b23e40ffd88570cab	main/submission-main-P05-A-G3.json	not_attempted	none	false
main	49	main-P05-A-G3	P05	A	3	5	15	main/prompt-P05-A.txt	a34f174cb5d686176a6a52366887f4af9c810b0ebccf300b23e40ffd88570cab	main/submission-main-P05-A-G3.json	not_attempted	none	false
main	50	main-P05-B-G3	P05	B	3	1	11	main/prompt-P05-B.txt	a34f174cb5d686176a6a52366887f4af9c810b0ebccf300b23e40ffd88570cab	main/submission-main-P05-B-G3.json	not_attempted	none	false
main	50	main-P05-B-G3	P05	B	3	2	12	main/prompt-P05-B.txt	a34f174cb5d686176a6a52366887f4af9c810b0ebccf300b23e40ffd88570cab	main/submission-main-P05-B-G3.json	not_attempted	none	false
main	50	main-P05-B-G3	P05	B	3	3	13	main/prompt-P05-B.txt	a34f174cb5d686176a6a52366887f4af9c810b0ebccf300b23e40ffd88570cab	main/submission-main-P05-B-G3.json	not_attempted	none	true
main	50	main-P05-B-G3	P05	B	3	4	14	main/prompt-P05-B.txt	a34f174cb5d686176a6a52366887f4af9c810b0ebccf300b23e40ffd88570cab	main/submission-main-P05-B-G3.json	not_attempted	none	false
main	50	main-P05-B-G3	P05	B	3	5	15	main/prompt-P05-B.txt	a34f174cb5d686176a6a52366887f4af9c810b0ebccf300b23e40ffd88570cab	main/submission-main-P05-B-G3.json	not_attempted	none	false
main	51	main-P05-C-G3	P05	C	3	1	11	main/prompt-P05-C.txt	d46d7a8901306d3e7e2453ee5099126e52b13f6089db20dcdb62ddc651ca1dcd	main/submission-main-P05-C-G3.json	not_attempted	none	false
main	51	main-P05-C-G3	P05	C	3	2	12	main/prompt-P05-C.txt	d46d7a8901306d3e7e2453ee5099126e52b13f6089db20dcdb62ddc651ca1dcd	main/submission-main-P05-C-G3.json	not_attempted	none	false
main	51	main-P05-C-G3	P05	C	3	3	13	main/prompt-P05-C.txt	d46d7a8901306d3e7e2453ee5099126e52b13f6089db20dcdb62ddc651ca1dcd	main/submission-main-P05-C-G3.json	not_attempted	none	false
main	51	main-P05-C-G3	P05	C	3	4	14	main/prompt-P05-C.txt	d46d7a8901306d3e7e2453ee5099126e52b13f6089db20dcdb62ddc651ca1dcd	main/submission-main-P05-C-G3.json	not_attempted	none	true
main	51	main-P05-C-G3	P05	C	3	5	15	main/prompt-P05-C.txt	d46d7a8901306d3e7e2453ee5099126e52b13f6089db20dcdb62ddc651ca1dcd	main/submission-main-P05-C-G3.json	not_attempted	none	false
main	52	main-P06-A-G3	P06	A	3	1	11	main/prompt-P06-A.txt	9496fca858941354f4b371c94cc21a05fd2537cc3e5852e1b9ce91a06a9f09bb	main/submission-main-P06-A-G3.json	not_attempted	none	false
main	52	main-P06-A-G3	P06	A	3	2	12	main/prompt-P06-A.txt	9496fca858941354f4b371c94cc21a05fd2537cc3e5852e1b9ce91a06a9f09bb	main/submission-main-P06-A-G3.json	not_attempted	none	false
main	52	main-P06-A-G3	P06	A	3	3	13	main/prompt-P06-A.txt	9496fca858941354f4b371c94cc21a05fd2537cc3e5852e1b9ce91a06a9f09bb	main/submission-main-P06-A-G3.json	not_attempted	none	true
main	52	main-P06-A-G3	P06	A	3	4	14	main/prompt-P06-A.txt	9496fca858941354f4b371c94cc21a05fd2537cc3e5852e1b9ce91a06a9f09bb	main/submission-main-P06-A-G3.json	not_attempted	none	false
main	52	main-P06-A-G3	P06	A	3	5	15	main/prompt-P06-A.txt	9496fca858941354f4b371c94cc21a05fd2537cc3e5852e1b9ce91a06a9f09bb	main/submission-main-P06-A-G3.json	not_attempted	none	false
main	53	main-P06-C-G3	P06	C	3	1	11	main/prompt-P06-C.txt	a1f4949319d0920fe2a328071dcb9a08a1ca21db76931587902309c81c26a0f3	main/submission-main-P06-C-G3.json	not_attempted	none	false
main	53	main-P06-C-G3	P06	C	3	2	12	main/prompt-P06-C.txt	a1f4949319d0920fe2a328071dcb9a08a1ca21db76931587902309c81c26a0f3	main/submission-main-P06-C-G3.json	not_attempted	none	false
main	53	main-P06-C-G3	P06	C	3	3	13	main/prompt-P06-C.txt	a1f4949319d0920fe2a328071dcb9a08a1ca21db76931587902309c81c26a0f3	main/submission-main-P06-C-G3.json	not_attempted	none	false
main	53	main-P06-C-G3	P06	C	3	4	14	main/prompt-P06-C.txt	a1f4949319d0920fe2a328071dcb9a08a1ca21db76931587902309c81c26a0f3	main/submission-main-P06-C-G3.json	not_attempted	none	false
main	53	main-P06-C-G3	P06	C	3	5	15	main/prompt-P06-C.txt	a1f4949319d0920fe2a328071dcb9a08a1ca21db76931587902309c81c26a0f3	main/submission-main-P06-C-G3.json	not_attempted	none	true
main	54	main-P06-B-G3	P06	B	3	1	11	main/prompt-P06-B.txt	9496fca858941354f4b371c94cc21a05fd2537cc3e5852e1b9ce91a06a9f09bb	main/submission-main-P06-B-G3.json	not_attempted	none	false
main	54	main-P06-B-G3	P06	B	3	2	12	main/prompt-P06-B.txt	9496fca858941354f4b371c94cc21a05fd2537cc3e5852e1b9ce91a06a9f09bb	main/submission-main-P06-B-G3.json	not_attempted	none	false
main	54	main-P06-B-G3	P06	B	3	3	13	main/prompt-P06-B.txt	9496fca858941354f4b371c94cc21a05fd2537cc3e5852e1b9ce91a06a9f09bb	main/submission-main-P06-B-G3.json	not_attempted	none	false
main	54	main-P06-B-G3	P06	B	3	4	14	main/prompt-P06-B.txt	9496fca858941354f4b371c94cc21a05fd2537cc3e5852e1b9ce91a06a9f09bb	main/submission-main-P06-B-G3.json	not_attempted	none	true
main	54	main-P06-B-G3	P06	B	3	5	15	main/prompt-P06-B.txt	9496fca858941354f4b371c94cc21a05fd2537cc3e5852e1b9ce91a06a9f09bb	main/submission-main-P06-B-G3.json	not_attempted	none	false
main	55	main-P01-B-G4	P01	B	4	1	16	main/prompt-P01-B.txt	005ad5a432d4e0867b60c43d4bd73279fe2c9e13aa441d82a7100036074ef081	main/submission-main-P01-B-G4.json	not_attempted	none	false
main	55	main-P01-B-G4	P01	B	4	2	17	main/prompt-P01-B.txt	005ad5a432d4e0867b60c43d4bd73279fe2c9e13aa441d82a7100036074ef081	main/submission-main-P01-B-G4.json	not_attempted	none	false
main	55	main-P01-B-G4	P01	B	4	3	18	main/prompt-P01-B.txt	005ad5a432d4e0867b60c43d4bd73279fe2c9e13aa441d82a7100036074ef081	main/submission-main-P01-B-G4.json	not_attempted	none	false
main	55	main-P01-B-G4	P01	B	4	4	19	main/prompt-P01-B.txt	005ad5a432d4e0867b60c43d4bd73279fe2c9e13aa441d82a7100036074ef081	main/submission-main-P01-B-G4.json	not_attempted	none	false
main	55	main-P01-B-G4	P01	B	4	5	20	main/prompt-P01-B.txt	005ad5a432d4e0867b60c43d4bd73279fe2c9e13aa441d82a7100036074ef081	main/submission-main-P01-B-G4.json	not_attempted	none	true
main	56	main-P01-C-G4	P01	C	4	1	16	main/prompt-P01-C.txt	13fc0cdcd7244d6ab63204d37821b44a06029be9dfaf823903cc77ceebda17c8	main/submission-main-P01-C-G4.json	not_attempted	none	true
main	56	main-P01-C-G4	P01	C	4	2	17	main/prompt-P01-C.txt	13fc0cdcd7244d6ab63204d37821b44a06029be9dfaf823903cc77ceebda17c8	main/submission-main-P01-C-G4.json	not_attempted	none	false
main	56	main-P01-C-G4	P01	C	4	3	18	main/prompt-P01-C.txt	13fc0cdcd7244d6ab63204d37821b44a06029be9dfaf823903cc77ceebda17c8	main/submission-main-P01-C-G4.json	not_attempted	none	false
main	56	main-P01-C-G4	P01	C	4	4	19	main/prompt-P01-C.txt	13fc0cdcd7244d6ab63204d37821b44a06029be9dfaf823903cc77ceebda17c8	main/submission-main-P01-C-G4.json	not_attempted	none	false
main	56	main-P01-C-G4	P01	C	4	5	20	main/prompt-P01-C.txt	13fc0cdcd7244d6ab63204d37821b44a06029be9dfaf823903cc77ceebda17c8	main/submission-main-P01-C-G4.json	not_attempted	none	false
main	57	main-P01-A-G4	P01	A	4	1	16	main/prompt-P01-A.txt	005ad5a432d4e0867b60c43d4bd73279fe2c9e13aa441d82a7100036074ef081	main/submission-main-P01-A-G4.json	not_attempted	none	false
main	57	main-P01-A-G4	P01	A	4	2	17	main/prompt-P01-A.txt	005ad5a432d4e0867b60c43d4bd73279fe2c9e13aa441d82a7100036074ef081	main/submission-main-P01-A-G4.json	not_attempted	none	false
main	57	main-P01-A-G4	P01	A	4	3	18	main/prompt-P01-A.txt	005ad5a432d4e0867b60c43d4bd73279fe2c9e13aa441d82a7100036074ef081	main/submission-main-P01-A-G4.json	not_attempted	none	false
main	57	main-P01-A-G4	P01	A	4	4	19	main/prompt-P01-A.txt	005ad5a432d4e0867b60c43d4bd73279fe2c9e13aa441d82a7100036074ef081	main/submission-main-P01-A-G4.json	not_attempted	none	true
main	57	main-P01-A-G4	P01	A	4	5	20	main/prompt-P01-A.txt	005ad5a432d4e0867b60c43d4bd73279fe2c9e13aa441d82a7100036074ef081	main/submission-main-P01-A-G4.json	not_attempted	none	false
main	58	main-P02-C-G4	P02	C	4	1	16	main/prompt-P02-C.txt	4145b82acf563aca9970a39289eb90c4f886d980585b322231b3b1f3de34fe40	main/submission-main-P02-C-G4.json	not_attempted	none	false
main	58	main-P02-C-G4	P02	C	4	2	17	main/prompt-P02-C.txt	4145b82acf563aca9970a39289eb90c4f886d980585b322231b3b1f3de34fe40	main/submission-main-P02-C-G4.json	not_attempted	none	true
main	58	main-P02-C-G4	P02	C	4	3	18	main/prompt-P02-C.txt	4145b82acf563aca9970a39289eb90c4f886d980585b322231b3b1f3de34fe40	main/submission-main-P02-C-G4.json	not_attempted	none	false
main	58	main-P02-C-G4	P02	C	4	4	19	main/prompt-P02-C.txt	4145b82acf563aca9970a39289eb90c4f886d980585b322231b3b1f3de34fe40	main/submission-main-P02-C-G4.json	not_attempted	none	false
main	58	main-P02-C-G4	P02	C	4	5	20	main/prompt-P02-C.txt	4145b82acf563aca9970a39289eb90c4f886d980585b322231b3b1f3de34fe40	main/submission-main-P02-C-G4.json	not_attempted	none	false
main	59	main-P02-A-G4	P02	A	4	1	16	main/prompt-P02-A.txt	d7a0f87b417adab26225613fa1646656d20bf0bcf3c2a8bdedc6defe906c245f	main/submission-main-P02-A-G4.json	not_attempted	none	false
main	59	main-P02-A-G4	P02	A	4	2	17	main/prompt-P02-A.txt	d7a0f87b417adab26225613fa1646656d20bf0bcf3c2a8bdedc6defe906c245f	main/submission-main-P02-A-G4.json	not_attempted	none	false
main	59	main-P02-A-G4	P02	A	4	3	18	main/prompt-P02-A.txt	d7a0f87b417adab26225613fa1646656d20bf0bcf3c2a8bdedc6defe906c245f	main/submission-main-P02-A-G4.json	not_attempted	none	false
main	59	main-P02-A-G4	P02	A	4	4	19	main/prompt-P02-A.txt	d7a0f87b417adab26225613fa1646656d20bf0bcf3c2a8bdedc6defe906c245f	main/submission-main-P02-A-G4.json	not_attempted	none	false
main	59	main-P02-A-G4	P02	A	4	5	20	main/prompt-P02-A.txt	d7a0f87b417adab26225613fa1646656d20bf0bcf3c2a8bdedc6defe906c245f	main/submission-main-P02-A-G4.json	not_attempted	none	true
main	60	main-P02-B-G4	P02	B	4	1	16	main/prompt-P02-B.txt	d7a0f87b417adab26225613fa1646656d20bf0bcf3c2a8bdedc6defe906c245f	main/submission-main-P02-B-G4.json	not_attempted	none	true
main	60	main-P02-B-G4	P02	B	4	2	17	main/prompt-P02-B.txt	d7a0f87b417adab26225613fa1646656d20bf0bcf3c2a8bdedc6defe906c245f	main/submission-main-P02-B-G4.json	not_attempted	none	false
main	60	main-P02-B-G4	P02	B	4	3	18	main/prompt-P02-B.txt	d7a0f87b417adab26225613fa1646656d20bf0bcf3c2a8bdedc6defe906c245f	main/submission-main-P02-B-G4.json	not_attempted	none	false
main	60	main-P02-B-G4	P02	B	4	4	19	main/prompt-P02-B.txt	d7a0f87b417adab26225613fa1646656d20bf0bcf3c2a8bdedc6defe906c245f	main/submission-main-P02-B-G4.json	not_attempted	none	false
main	60	main-P02-B-G4	P02	B	4	5	20	main/prompt-P02-B.txt	d7a0f87b417adab26225613fa1646656d20bf0bcf3c2a8bdedc6defe906c245f	main/submission-main-P02-B-G4.json	not_attempted	none	false
main	61	main-P03-C-G4	P03	C	4	1	16	main/prompt-P03-C.txt	ddc9e17752b6fbd0f9ab85afe77ae5a039e7e29c2f02406b5c9f50b943bdae7d	main/submission-main-P03-C-G4.json	not_attempted	none	false
main	61	main-P03-C-G4	P03	C	4	2	17	main/prompt-P03-C.txt	ddc9e17752b6fbd0f9ab85afe77ae5a039e7e29c2f02406b5c9f50b943bdae7d	main/submission-main-P03-C-G4.json	not_attempted	none	false
main	61	main-P03-C-G4	P03	C	4	3	18	main/prompt-P03-C.txt	ddc9e17752b6fbd0f9ab85afe77ae5a039e7e29c2f02406b5c9f50b943bdae7d	main/submission-main-P03-C-G4.json	not_attempted	none	true
main	61	main-P03-C-G4	P03	C	4	4	19	main/prompt-P03-C.txt	ddc9e17752b6fbd0f9ab85afe77ae5a039e7e29c2f02406b5c9f50b943bdae7d	main/submission-main-P03-C-G4.json	not_attempted	none	false
main	61	main-P03-C-G4	P03	C	4	5	20	main/prompt-P03-C.txt	ddc9e17752b6fbd0f9ab85afe77ae5a039e7e29c2f02406b5c9f50b943bdae7d	main/submission-main-P03-C-G4.json	not_attempted	none	false
main	62	main-P03-B-G4	P03	B	4	1	16	main/prompt-P03-B.txt	af8fbab7795f8c445244e338431ae7e2c3a9f3f7ca9520e3012adb1895158255	main/submission-main-P03-B-G4.json	not_attempted	none	false
main	62	main-P03-B-G4	P03	B	4	2	17	main/prompt-P03-B.txt	af8fbab7795f8c445244e338431ae7e2c3a9f3f7ca9520e3012adb1895158255	main/submission-main-P03-B-G4.json	not_attempted	none	true
main	62	main-P03-B-G4	P03	B	4	3	18	main/prompt-P03-B.txt	af8fbab7795f8c445244e338431ae7e2c3a9f3f7ca9520e3012adb1895158255	main/submission-main-P03-B-G4.json	not_attempted	none	false
main	62	main-P03-B-G4	P03	B	4	4	19	main/prompt-P03-B.txt	af8fbab7795f8c445244e338431ae7e2c3a9f3f7ca9520e3012adb1895158255	main/submission-main-P03-B-G4.json	not_attempted	none	false
main	62	main-P03-B-G4	P03	B	4	5	20	main/prompt-P03-B.txt	af8fbab7795f8c445244e338431ae7e2c3a9f3f7ca9520e3012adb1895158255	main/submission-main-P03-B-G4.json	not_attempted	none	false
main	63	main-P03-A-G4	P03	A	4	1	16	main/prompt-P03-A.txt	af8fbab7795f8c445244e338431ae7e2c3a9f3f7ca9520e3012adb1895158255	main/submission-main-P03-A-G4.json	not_attempted	none	true
main	63	main-P03-A-G4	P03	A	4	2	17	main/prompt-P03-A.txt	af8fbab7795f8c445244e338431ae7e2c3a9f3f7ca9520e3012adb1895158255	main/submission-main-P03-A-G4.json	not_attempted	none	false
main	63	main-P03-A-G4	P03	A	4	3	18	main/prompt-P03-A.txt	af8fbab7795f8c445244e338431ae7e2c3a9f3f7ca9520e3012adb1895158255	main/submission-main-P03-A-G4.json	not_attempted	none	false
main	63	main-P03-A-G4	P03	A	4	4	19	main/prompt-P03-A.txt	af8fbab7795f8c445244e338431ae7e2c3a9f3f7ca9520e3012adb1895158255	main/submission-main-P03-A-G4.json	not_attempted	none	false
main	63	main-P03-A-G4	P03	A	4	5	20	main/prompt-P03-A.txt	af8fbab7795f8c445244e338431ae7e2c3a9f3f7ca9520e3012adb1895158255	main/submission-main-P03-A-G4.json	not_attempted	none	false
main	64	main-P04-A-G4	P04	A	4	1	16	main/prompt-P04-A.txt	e90457e32faf1ed93db53ce480665ef6ad2ca4a7dafa4c2df1d176a3550381ba	main/submission-main-P04-A-G4.json	not_attempted	none	false
main	64	main-P04-A-G4	P04	A	4	2	17	main/prompt-P04-A.txt	e90457e32faf1ed93db53ce480665ef6ad2ca4a7dafa4c2df1d176a3550381ba	main/submission-main-P04-A-G4.json	not_attempted	none	true
main	64	main-P04-A-G4	P04	A	4	3	18	main/prompt-P04-A.txt	e90457e32faf1ed93db53ce480665ef6ad2ca4a7dafa4c2df1d176a3550381ba	main/submission-main-P04-A-G4.json	not_attempted	none	false
main	64	main-P04-A-G4	P04	A	4	4	19	main/prompt-P04-A.txt	e90457e32faf1ed93db53ce480665ef6ad2ca4a7dafa4c2df1d176a3550381ba	main/submission-main-P04-A-G4.json	not_attempted	none	false
main	64	main-P04-A-G4	P04	A	4	5	20	main/prompt-P04-A.txt	e90457e32faf1ed93db53ce480665ef6ad2ca4a7dafa4c2df1d176a3550381ba	main/submission-main-P04-A-G4.json	not_attempted	none	false
main	65	main-P04-B-G4	P04	B	4	1	16	main/prompt-P04-B.txt	e90457e32faf1ed93db53ce480665ef6ad2ca4a7dafa4c2df1d176a3550381ba	main/submission-main-P04-B-G4.json	not_attempted	none	false
main	65	main-P04-B-G4	P04	B	4	2	17	main/prompt-P04-B.txt	e90457e32faf1ed93db53ce480665ef6ad2ca4a7dafa4c2df1d176a3550381ba	main/submission-main-P04-B-G4.json	not_attempted	none	false
main	65	main-P04-B-G4	P04	B	4	3	18	main/prompt-P04-B.txt	e90457e32faf1ed93db53ce480665ef6ad2ca4a7dafa4c2df1d176a3550381ba	main/submission-main-P04-B-G4.json	not_attempted	none	true
main	65	main-P04-B-G4	P04	B	4	4	19	main/prompt-P04-B.txt	e90457e32faf1ed93db53ce480665ef6ad2ca4a7dafa4c2df1d176a3550381ba	main/submission-main-P04-B-G4.json	not_attempted	none	false
main	65	main-P04-B-G4	P04	B	4	5	20	main/prompt-P04-B.txt	e90457e32faf1ed93db53ce480665ef6ad2ca4a7dafa4c2df1d176a3550381ba	main/submission-main-P04-B-G4.json	not_attempted	none	false
main	66	main-P04-C-G4	P04	C	4	1	16	main/prompt-P04-C.txt	a69e791df3dded985b82928d382d7d7f16e767764c716ad088c4bbe017d30651	main/submission-main-P04-C-G4.json	not_attempted	none	false
main	66	main-P04-C-G4	P04	C	4	2	17	main/prompt-P04-C.txt	a69e791df3dded985b82928d382d7d7f16e767764c716ad088c4bbe017d30651	main/submission-main-P04-C-G4.json	not_attempted	none	false
main	66	main-P04-C-G4	P04	C	4	3	18	main/prompt-P04-C.txt	a69e791df3dded985b82928d382d7d7f16e767764c716ad088c4bbe017d30651	main/submission-main-P04-C-G4.json	not_attempted	none	false
main	66	main-P04-C-G4	P04	C	4	4	19	main/prompt-P04-C.txt	a69e791df3dded985b82928d382d7d7f16e767764c716ad088c4bbe017d30651	main/submission-main-P04-C-G4.json	not_attempted	none	true
main	66	main-P04-C-G4	P04	C	4	5	20	main/prompt-P04-C.txt	a69e791df3dded985b82928d382d7d7f16e767764c716ad088c4bbe017d30651	main/submission-main-P04-C-G4.json	not_attempted	none	false
main	67	main-P05-A-G4	P05	A	4	1	16	main/prompt-P05-A.txt	a34f174cb5d686176a6a52366887f4af9c810b0ebccf300b23e40ffd88570cab	main/submission-main-P05-A-G4.json	not_attempted	none	false
main	67	main-P05-A-G4	P05	A	4	2	17	main/prompt-P05-A.txt	a34f174cb5d686176a6a52366887f4af9c810b0ebccf300b23e40ffd88570cab	main/submission-main-P05-A-G4.json	not_attempted	none	false
main	67	main-P05-A-G4	P05	A	4	3	18	main/prompt-P05-A.txt	a34f174cb5d686176a6a52366887f4af9c810b0ebccf300b23e40ffd88570cab	main/submission-main-P05-A-G4.json	not_attempted	none	true
main	67	main-P05-A-G4	P05	A	4	4	19	main/prompt-P05-A.txt	a34f174cb5d686176a6a52366887f4af9c810b0ebccf300b23e40ffd88570cab	main/submission-main-P05-A-G4.json	not_attempted	none	false
main	67	main-P05-A-G4	P05	A	4	5	20	main/prompt-P05-A.txt	a34f174cb5d686176a6a52366887f4af9c810b0ebccf300b23e40ffd88570cab	main/submission-main-P05-A-G4.json	not_attempted	none	false
main	68	main-P05-C-G4	P05	C	4	1	16	main/prompt-P05-C.txt	d46d7a8901306d3e7e2453ee5099126e52b13f6089db20dcdb62ddc651ca1dcd	main/submission-main-P05-C-G4.json	not_attempted	none	false
main	68	main-P05-C-G4	P05	C	4	2	17	main/prompt-P05-C.txt	d46d7a8901306d3e7e2453ee5099126e52b13f6089db20dcdb62ddc651ca1dcd	main/submission-main-P05-C-G4.json	not_attempted	none	false
main	68	main-P05-C-G4	P05	C	4	3	18	main/prompt-P05-C.txt	d46d7a8901306d3e7e2453ee5099126e52b13f6089db20dcdb62ddc651ca1dcd	main/submission-main-P05-C-G4.json	not_attempted	none	false
main	68	main-P05-C-G4	P05	C	4	4	19	main/prompt-P05-C.txt	d46d7a8901306d3e7e2453ee5099126e52b13f6089db20dcdb62ddc651ca1dcd	main/submission-main-P05-C-G4.json	not_attempted	none	false
main	68	main-P05-C-G4	P05	C	4	5	20	main/prompt-P05-C.txt	d46d7a8901306d3e7e2453ee5099126e52b13f6089db20dcdb62ddc651ca1dcd	main/submission-main-P05-C-G4.json	not_attempted	none	true
main	69	main-P05-B-G4	P05	B	4	1	16	main/prompt-P05-B.txt	a34f174cb5d686176a6a52366887f4af9c810b0ebccf300b23e40ffd88570cab	main/submission-main-P05-B-G4.json	not_attempted	none	false
main	69	main-P05-B-G4	P05	B	4	2	17	main/prompt-P05-B.txt	a34f174cb5d686176a6a52366887f4af9c810b0ebccf300b23e40ffd88570cab	main/submission-main-P05-B-G4.json	not_attempted	none	false
main	69	main-P05-B-G4	P05	B	4	3	18	main/prompt-P05-B.txt	a34f174cb5d686176a6a52366887f4af9c810b0ebccf300b23e40ffd88570cab	main/submission-main-P05-B-G4.json	not_attempted	none	false
main	69	main-P05-B-G4	P05	B	4	4	19	main/prompt-P05-B.txt	a34f174cb5d686176a6a52366887f4af9c810b0ebccf300b23e40ffd88570cab	main/submission-main-P05-B-G4.json	not_attempted	none	true
main	69	main-P05-B-G4	P05	B	4	5	20	main/prompt-P05-B.txt	a34f174cb5d686176a6a52366887f4af9c810b0ebccf300b23e40ffd88570cab	main/submission-main-P05-B-G4.json	not_attempted	none	false
main	70	main-P06-B-G4	P06	B	4	1	16	main/prompt-P06-B.txt	9496fca858941354f4b371c94cc21a05fd2537cc3e5852e1b9ce91a06a9f09bb	main/submission-main-P06-B-G4.json	not_attempted	none	false
main	70	main-P06-B-G4	P06	B	4	2	17	main/prompt-P06-B.txt	9496fca858941354f4b371c94cc21a05fd2537cc3e5852e1b9ce91a06a9f09bb	main/submission-main-P06-B-G4.json	not_attempted	none	false
main	70	main-P06-B-G4	P06	B	4	3	18	main/prompt-P06-B.txt	9496fca858941354f4b371c94cc21a05fd2537cc3e5852e1b9ce91a06a9f09bb	main/submission-main-P06-B-G4.json	not_attempted	none	false
main	70	main-P06-B-G4	P06	B	4	4	19	main/prompt-P06-B.txt	9496fca858941354f4b371c94cc21a05fd2537cc3e5852e1b9ce91a06a9f09bb	main/submission-main-P06-B-G4.json	not_attempted	none	false
main	70	main-P06-B-G4	P06	B	4	5	20	main/prompt-P06-B.txt	9496fca858941354f4b371c94cc21a05fd2537cc3e5852e1b9ce91a06a9f09bb	main/submission-main-P06-B-G4.json	not_attempted	none	true
main	71	main-P06-A-G4	P06	A	4	1	16	main/prompt-P06-A.txt	9496fca858941354f4b371c94cc21a05fd2537cc3e5852e1b9ce91a06a9f09bb	main/submission-main-P06-A-G4.json	not_attempted	none	false
main	71	main-P06-A-G4	P06	A	4	2	17	main/prompt-P06-A.txt	9496fca858941354f4b371c94cc21a05fd2537cc3e5852e1b9ce91a06a9f09bb	main/submission-main-P06-A-G4.json	not_attempted	none	false
main	71	main-P06-A-G4	P06	A	4	3	18	main/prompt-P06-A.txt	9496fca858941354f4b371c94cc21a05fd2537cc3e5852e1b9ce91a06a9f09bb	main/submission-main-P06-A-G4.json	not_attempted	none	false
main	71	main-P06-A-G4	P06	A	4	4	19	main/prompt-P06-A.txt	9496fca858941354f4b371c94cc21a05fd2537cc3e5852e1b9ce91a06a9f09bb	main/submission-main-P06-A-G4.json	not_attempted	none	true
main	71	main-P06-A-G4	P06	A	4	5	20	main/prompt-P06-A.txt	9496fca858941354f4b371c94cc21a05fd2537cc3e5852e1b9ce91a06a9f09bb	main/submission-main-P06-A-G4.json	not_attempted	none	false
main	72	main-P06-C-G4	P06	C	4	1	16	main/prompt-P06-C.txt	a1f4949319d0920fe2a328071dcb9a08a1ca21db76931587902309c81c26a0f3	main/submission-main-P06-C-G4.json	not_attempted	none	true
main	72	main-P06-C-G4	P06	C	4	2	17	main/prompt-P06-C.txt	a1f4949319d0920fe2a328071dcb9a08a1ca21db76931587902309c81c26a0f3	main/submission-main-P06-C-G4.json	not_attempted	none	false
main	72	main-P06-C-G4	P06	C	4	3	18	main/prompt-P06-C.txt	a1f4949319d0920fe2a328071dcb9a08a1ca21db76931587902309c81c26a0f3	main/submission-main-P06-C-G4.json	not_attempted	none	false
main	72	main-P06-C-G4	P06	C	4	4	19	main/prompt-P06-C.txt	a1f4949319d0920fe2a328071dcb9a08a1ca21db76931587902309c81c26a0f3	main/submission-main-P06-C-G4.json	not_attempted	none	false
main	72	main-P06-C-G4	P06	C	4	5	20	main/prompt-P06-C.txt	a1f4949319d0920fe2a328071dcb9a08a1ca21db76931587902309c81c26a0f3	main/submission-main-P06-C-G4.json	not_attempted	none	false
pilot	1	pilot-P00-C-G1	P00	C	1	1	1	pilot/prompt-P00-C.txt	08e6538ff633d38022c5073eb58162c0477256cf8cb84c8f066df1b9fc876f88	pilot/submission-pilot-P00-C-G1.json	not_attempted	none	not_applicable
pilot	1	pilot-P00-C-G1	P00	C	1	2	2	pilot/prompt-P00-C.txt	08e6538ff633d38022c5073eb58162c0477256cf8cb84c8f066df1b9fc876f88	pilot/submission-pilot-P00-C-G1.json	not_attempted	none	not_applicable
pilot	1	pilot-P00-C-G1	P00	C	1	3	3	pilot/prompt-P00-C.txt	08e6538ff633d38022c5073eb58162c0477256cf8cb84c8f066df1b9fc876f88	pilot/submission-pilot-P00-C-G1.json	not_attempted	none	not_applicable
pilot	1	pilot-P00-C-G1	P00	C	1	4	4	pilot/prompt-P00-C.txt	08e6538ff633d38022c5073eb58162c0477256cf8cb84c8f066df1b9fc876f88	pilot/submission-pilot-P00-C-G1.json	not_attempted	none	not_applicable
pilot	1	pilot-P00-C-G1	P00	C	1	5	5	pilot/prompt-P00-C.txt	08e6538ff633d38022c5073eb58162c0477256cf8cb84c8f066df1b9fc876f88	pilot/submission-pilot-P00-C-G1.json	not_attempted	none	not_applicable
pilot	2	pilot-P00-B-G1	P00	B	1	1	1	pilot/prompt-P00-B.txt	aae9846e9b3cb1ee77d36a39a70705a6e9c20d5f40d097952f09e347286c42e3	pilot/submission-pilot-P00-B-G1.json	not_attempted	none	not_applicable
pilot	2	pilot-P00-B-G1	P00	B	1	2	2	pilot/prompt-P00-B.txt	aae9846e9b3cb1ee77d36a39a70705a6e9c20d5f40d097952f09e347286c42e3	pilot/submission-pilot-P00-B-G1.json	not_attempted	none	not_applicable
pilot	2	pilot-P00-B-G1	P00	B	1	3	3	pilot/prompt-P00-B.txt	aae9846e9b3cb1ee77d36a39a70705a6e9c20d5f40d097952f09e347286c42e3	pilot/submission-pilot-P00-B-G1.json	not_attempted	none	not_applicable
pilot	2	pilot-P00-B-G1	P00	B	1	4	4	pilot/prompt-P00-B.txt	aae9846e9b3cb1ee77d36a39a70705a6e9c20d5f40d097952f09e347286c42e3	pilot/submission-pilot-P00-B-G1.json	not_attempted	none	not_applicable
pilot	2	pilot-P00-B-G1	P00	B	1	5	5	pilot/prompt-P00-B.txt	aae9846e9b3cb1ee77d36a39a70705a6e9c20d5f40d097952f09e347286c42e3	pilot/submission-pilot-P00-B-G1.json	not_attempted	none	not_applicable
pilot	3	pilot-P00-A-G1	P00	A	1	1	1	pilot/prompt-P00-A.txt	aae9846e9b3cb1ee77d36a39a70705a6e9c20d5f40d097952f09e347286c42e3	pilot/submission-pilot-P00-A-G1.json	not_attempted	none	not_applicable
pilot	3	pilot-P00-A-G1	P00	A	1	2	2	pilot/prompt-P00-A.txt	aae9846e9b3cb1ee77d36a39a70705a6e9c20d5f40d097952f09e347286c42e3	pilot/submission-pilot-P00-A-G1.json	not_attempted	none	not_applicable
pilot	3	pilot-P00-A-G1	P00	A	1	3	3	pilot/prompt-P00-A.txt	aae9846e9b3cb1ee77d36a39a70705a6e9c20d5f40d097952f09e347286c42e3	pilot/submission-pilot-P00-A-G1.json	not_attempted	none	not_applicable
pilot	3	pilot-P00-A-G1	P00	A	1	4	4	pilot/prompt-P00-A.txt	aae9846e9b3cb1ee77d36a39a70705a6e9c20d5f40d097952f09e347286c42e3	pilot/submission-pilot-P00-A-G1.json	not_attempted	none	not_applicable
pilot	3	pilot-P00-A-G1	P00	A	1	5	5	pilot/prompt-P00-A.txt	aae9846e9b3cb1ee77d36a39a70705a6e9c20d5f40d097952f09e347286c42e3	pilot/submission-pilot-P00-A-G1.json	not_attempted	none	not_applicable
pilot	4	pilot-P00-A-G2	P00	A	2	1	6	pilot/prompt-P00-A.txt	aae9846e9b3cb1ee77d36a39a70705a6e9c20d5f40d097952f09e347286c42e3	pilot/submission-pilot-P00-A-G2.json	not_attempted	none	not_applicable
pilot	4	pilot-P00-A-G2	P00	A	2	2	7	pilot/prompt-P00-A.txt	aae9846e9b3cb1ee77d36a39a70705a6e9c20d5f40d097952f09e347286c42e3	pilot/submission-pilot-P00-A-G2.json	not_attempted	none	not_applicable
pilot	4	pilot-P00-A-G2	P00	A	2	3	8	pilot/prompt-P00-A.txt	aae9846e9b3cb1ee77d36a39a70705a6e9c20d5f40d097952f09e347286c42e3	pilot/submission-pilot-P00-A-G2.json	not_attempted	none	not_applicable
pilot	4	pilot-P00-A-G2	P00	A	2	4	9	pilot/prompt-P00-A.txt	aae9846e9b3cb1ee77d36a39a70705a6e9c20d5f40d097952f09e347286c42e3	pilot/submission-pilot-P00-A-G2.json	not_attempted	none	not_applicable
pilot	4	pilot-P00-A-G2	P00	A	2	5	10	pilot/prompt-P00-A.txt	aae9846e9b3cb1ee77d36a39a70705a6e9c20d5f40d097952f09e347286c42e3	pilot/submission-pilot-P00-A-G2.json	not_attempted	none	not_applicable
pilot	5	pilot-P00-B-G2	P00	B	2	1	6	pilot/prompt-P00-B.txt	aae9846e9b3cb1ee77d36a39a70705a6e9c20d5f40d097952f09e347286c42e3	pilot/submission-pilot-P00-B-G2.json	not_attempted	none	not_applicable
pilot	5	pilot-P00-B-G2	P00	B	2	2	7	pilot/prompt-P00-B.txt	aae9846e9b3cb1ee77d36a39a70705a6e9c20d5f40d097952f09e347286c42e3	pilot/submission-pilot-P00-B-G2.json	not_attempted	none	not_applicable
pilot	5	pilot-P00-B-G2	P00	B	2	3	8	pilot/prompt-P00-B.txt	aae9846e9b3cb1ee77d36a39a70705a6e9c20d5f40d097952f09e347286c42e3	pilot/submission-pilot-P00-B-G2.json	not_attempted	none	not_applicable
pilot	5	pilot-P00-B-G2	P00	B	2	4	9	pilot/prompt-P00-B.txt	aae9846e9b3cb1ee77d36a39a70705a6e9c20d5f40d097952f09e347286c42e3	pilot/submission-pilot-P00-B-G2.json	not_attempted	none	not_applicable
pilot	5	pilot-P00-B-G2	P00	B	2	5	10	pilot/prompt-P00-B.txt	aae9846e9b3cb1ee77d36a39a70705a6e9c20d5f40d097952f09e347286c42e3	pilot/submission-pilot-P00-B-G2.json	not_attempted	none	not_applicable
pilot	6	pilot-P00-C-G2	P00	C	2	1	6	pilot/prompt-P00-C.txt	08e6538ff633d38022c5073eb58162c0477256cf8cb84c8f066df1b9fc876f88	pilot/submission-pilot-P00-C-G2.json	not_attempted	none	not_applicable
pilot	6	pilot-P00-C-G2	P00	C	2	2	7	pilot/prompt-P00-C.txt	08e6538ff633d38022c5073eb58162c0477256cf8cb84c8f066df1b9fc876f88	pilot/submission-pilot-P00-C-G2.json	not_attempted	none	not_applicable
pilot	6	pilot-P00-C-G2	P00	C	2	3	8	pilot/prompt-P00-C.txt	08e6538ff633d38022c5073eb58162c0477256cf8cb84c8f066df1b9fc876f88	pilot/submission-pilot-P00-C-G2.json	not_attempted	none	not_applicable
pilot	6	pilot-P00-C-G2	P00	C	2	4	9	pilot/prompt-P00-C.txt	08e6538ff633d38022c5073eb58162c0477256cf8cb84c8f066df1b9fc876f88	pilot/submission-pilot-P00-C-G2.json	not_attempted	none	not_applicable
pilot	6	pilot-P00-C-G2	P00	C	2	5	10	pilot/prompt-P00-C.txt	08e6538ff633d38022c5073eb58162c0477256cf8cb84c8f066df1b9fc876f88	pilot/submission-pilot-P00-C-G2.json	not_attempted	none	not_applicable
